ROID,MSISO,MSNAME,N_ESC,N_ESC_LEAD,N_ESC_POOL,N_OBS,UNIQUE_ID,N_MONITORS,N_MONITORS_POOL
RO-00853,AUT,Austria,43,1,0,0,RO-00853AUT,1,NA
RO-00853,BGR,Bulgaria,0,0,7,0,RO-00853BGR,0,NA
RO-00853,CZE,Czech Republic,0,0,3,0,RO-00853CZE,0,NA
RO-00853,GRC,Greece,9,1,0,0,RO-00853GRC,0,NA
RO-00853,HUN,Hungary,4,1,5,0,RO-00853HUN,0,NA
RO-00853,SVN,Slovenia,0,0,3,0,RO-00853SVN,0,NA
RO-00853,SWE,Sweden,46,2,0,1,RO-00853SWE,1,NA
RO-00855,AUT,Austria,39,1,0,0,RO-00855AUT,1,NA
RO-00855,SWE,Sweden,63,2,0,1,RO-00855SWE,1,NA
RO-00857,AUT,Austria,51,1,0,0,RO-00857AUT,1,NA
RO-00857,CHE,Switzerland,6,1,0,0,RO-00857CHE,0,NA
RO-00857,DEU,Germany,38,1,0,0,RO-00857DEU,0,NA
RO-00857,ITA,Italy,16,1,0,0,RO-00857ITA,1,NA
RO-00857,NOR,Norway,3,1,0,0,RO-00857NOR,0,NA
RO-00857,SWE,Sweden,14,1,0,0,RO-00857SWE,1,NA
RO-00858,AUT,Austria,63,1,0,0,RO-00858AUT,1,NA
RO-00858,CHE,Switzerland,8,0,0,0,RO-00858CHE,0,NA
RO-00858,DEU,Germany,58,1,0,0,RO-00858DEU,0,NA
RO-00858,FRA,France,6,1,0,0,RO-00858FRA,0,NA
RO-00858,SWE,Sweden,5,1,0,0,RO-00858SWE,1,NA
RO-00859,AUT,Austria,43,1,0,1,RO-00859AUT,1,NA
RO-00859,DEU,Germany,35,1,0,0,RO-00859DEU,0,NA
RO-00859,FRA,France,7,1,0,0,RO-00859FRA,0,NA
RO-00859,HUN,Hungary,2,1,0,0,RO-00859HUN,0,NA
RO-00859,SWE,Sweden,7,1,0,0,RO-00859SWE,1,NA
RO-00860,AUT,Austria,45,1,0,0,RO-00860AUT,1,NA
RO-00860,DEU,Germany,14,1,0,0,RO-00860DEU,0,NA
RO-00868,DEU,Germany,110,1,0,0,RO-00868DEU,0,NA
RO-00869,DEU,Germany,93,1,0,0,RO-00869DEU,0,NA
RO-00870,DEU,Germany,75,1,0,0,RO-00870DEU,0,NA
RO-00871,AUT,Austria,36,1,0,0,RO-00871AUT,1,NA
RO-00874,AUT,Austria,32,1,0,0,RO-00874AUT,1,NA
RO-00874,IRL,Ireland,24,1,0,0,RO-00874IRL,1,NA
RO-00875,AUT,Austria,15,1,0,0,RO-00875AUT,1,NA
RO-00875,DEU,Germany,16,1,0,0,RO-00875DEU,0,NA
RO-00879,DEU,Germany,80,1,0,0,RO-00879DEU,0,NA
RO-00882,DEU,Germany,37,2,0,0,RO-00882DEU,0,NA
RO-00882,FRA,France,0,0,0,0,RO-00882FRA,0,NA
RO-00882,SWE,Sweden,0,0,0,0,RO-00882SWE,0,NA
RO-00883,DEU,Germany,38,1,0,1,RO-00883DEU,0,NA
RO-00883,FRA,France,0,0,0,0,RO-00883FRA,0,NA
RO-00883,LUX,Luxembourg,0,0,0,0,RO-00883LUX,0,NA
RO-00884,DEU,Germany,37,2,0,0,RO-00884DEU,0,NA
RO-00884,FRA,France,0,0,0,0,RO-00884FRA,0,NA
RO-00885,DEU,Germany,27,3,0,2,RO-00885DEU,0,1
RO-00886,DEU,Germany,71,1,0,0,RO-00886DEU,0,NA
RO-00887,CHE,Switzerland,0,0,0,0,RO-00887CHE,0,NA
RO-00887,DEU,Germany,44,1,0,0,RO-00887DEU,0,NA
RO-00888,DEU,Germany,40,1,0,0,RO-00888DEU,0,NA
RO-00889,DEU,Germany,45,1,0,1,RO-00889DEU,2,NA
RO-00891,DEU,Germany,40,1,0,0,RO-00891DEU,0,1
RO-00892,DEU,Germany,38,1,0,0,RO-00892DEU,0,NA
RO-00894,AUT,Austria,29,1,0,0,RO-00894AUT,1,NA
RO-00894,DEU,Germany,23,1,0,0,RO-00894DEU,0,NA
RO-00896,DEU,Germany,13,1,0,0,RO-00896DEU,0,NA
RO-00898,ESP,Spain,6,1,0,0,RO-00898ESP,0,NA
RO-00898,NLD,Netherlands,7,2,0,0,RO-00898NLD,2,NA
RO-00901,DEU,Germany,46,0,0,0,RO-00901DEU,0,NA
RO-00902,BEL,Belgium,0,0,0,0,RO-00902BEL,0,NA
RO-00902,FRA,France,32,2,0,3,RO-00902FRA,0,NA
RO-00904,BEL,Belgium,0,0,0,0,RO-00904BEL,0,NA
RO-00904,FRA,France,35,2,0,3,RO-00904FRA,0,NA
RO-00905,BEL,Belgium,0,0,0,0,RO-00905BEL,0,NA
RO-00905,FRA,France,35,2,0,3,RO-00905FRA,0,NA
RO-00907,DEU,Germany,57,1,0,0,RO-00907DEU,0,NA
RO-00910,DEU,Germany,45,1,0,0,RO-00910DEU,0,1
RO-00910,SWE,Sweden,0,0,0,0,RO-00910SWE,0,NA
RO-00914,CHE,Switzerland,25,1,0,0,RO-00914CHE,1,NA
RO-00914,DEU,Germany,3,1,0,0,RO-00914DEU,0,NA
RO-00915,GRC,Greece,16,1,0,0,RO-00915GRC,2,NA
RO-00915,SWE,Sweden,5,1,0,0,RO-00915SWE,1,NA
RO-00916,GRC,Greece,47,1,0,0,RO-00916GRC,2,NA
RO-00916,SWE,Sweden,6,1,0,0,RO-00916SWE,0,NA
RO-00918,DEU,Germany,64,1,0,0,RO-00918DEU,0,1
RO-00920,DEU,Germany,47,1,0,0,RO-00920DEU,0,NA
RO-00923,ITA,Italy,76,1,0,0,RO-00923ITA,0,NA
RO-00925,ITA,Italy,77,0,0,0,RO-00925ITA,2,NA
RO-00926,DEU,Germany,44,0,0,0,RO-00926DEU,0,1
RO-00927,DEU,Germany,66,1,0,0,RO-00927DEU,0,NA
RO-00928,BEL,Belgium,0,0,0,0,RO-00928BEL,0,NA
RO-00928,FRA,France,35,2,0,3,RO-00928FRA,0,NA
RO-00929,BEL,Belgium,0,0,0,0,RO-00929BEL,0,NA
RO-00929,FRA,France,35,2,0,3,RO-00929FRA,0,NA
RO-00930,BEL,Belgium,0,0,0,0,RO-00930BEL,0,NA
RO-00930,FRA,France,32,2,0,3,RO-00930FRA,0,NA
RO-00931,ESP,Spain,68,1,0,0,RO-00931ESP,2,NA
RO-00932,BEL,Belgium,0,0,0,0,RO-00932BEL,0,NA
RO-00932,FRA,France,33,2,0,4,RO-00932FRA,0,NA
RO-00933,ESP,Spain,95,1,0,0,RO-00933ESP,2,NA
RO-00933,FIN,Finland,9,1,0,0,RO-00933FIN,0,NA
RO-00934,ITA,Italy,40,1,0,0,RO-00934ITA,0,NA
RO-00935,DEU,Germany,34,1,0,0,RO-00935DEU,0,NA
RO-00936,DEU,Germany,38,2,0,0,RO-00936DEU,0,1
RO-00937,ITA,Italy,85,1,0,0,RO-00937ITA,0,NA
RO-00939,DEU,Germany,79,1,0,0,RO-00939DEU,0,NA
RO-00941,ITA,Italy,72,2,0,0,RO-00941ITA,0,NA
RO-00942,DEU,Germany,17,1,0,0,RO-00942DEU,0,NA
RO-00943,FIN,Finland,10,1,0,0,RO-00943FIN,1,NA
RO-00944,ITA,Italy,53,1,0,0,RO-00944ITA,0,NA
RO-00945,DEU,Germany,71,1,0,0,RO-00945DEU,0,NA
RO-00946,DEU,Germany,42,1,0,0,RO-00946DEU,0,NA
RO-00947,DEU,Germany,22,1,0,0,RO-00947DEU,0,NA
RO-00949,DEU,Germany,24,1,0,1,RO-00949DEU,0,NA
RO-00950,DEU,Germany,24,1,0,0,RO-00950DEU,0,NA
RO-00951,ITA,Italy,52,1,0,0,RO-00951ITA,0,NA
RO-00952,DEU,Germany,41,1,0,0,RO-00952DEU,0,NA
RO-00953,DEU,Germany,43,1,0,0,RO-00953DEU,1,NA
RO-00954,BEL,Belgium,0,0,0,0,RO-00954BEL,0,NA
RO-00954,FRA,France,35,2,0,3,RO-00954FRA,0,NA
RO-00955,BEL,Belgium,0,0,0,0,RO-00955BEL,0,NA
RO-00955,FRA,France,35,2,0,3,RO-00955FRA,0,NA
RO-00956,BEL,Belgium,0,0,0,0,RO-00956BEL,0,NA
RO-00956,FRA,France,34,2,0,0,RO-00956FRA,0,NA
RO-00957,DEU,Germany,50,1,0,0,RO-00957DEU,0,1
RO-00958,BEL,Belgium,0,0,0,0,RO-00958BEL,0,NA
RO-00958,FRA,France,32,2,0,3,RO-00958FRA,0,NA
RO-00959,DEU,Germany,28,1,0,0,RO-00959DEU,0,NA
RO-00960,DEU,Germany,16,1,0,0,RO-00960DEU,0,NA
RO-00961,DEU,Germany,71,1,0,0,RO-00961DEU,0,NA
RO-00962,ITA,Italy,45,1,0,0,RO-00962ITA,0,NA
RO-00963,DEU,Germany,50,1,0,0,RO-00963DEU,0,1
RO-00964,DEU,Germany,23,1,0,0,RO-00964DEU,0,NA
RO-00965,DEU,Germany,82,1,0,0,RO-00965DEU,1,NA
RO-00965,DNK,Denmark,6,1,0,0,RO-00965DNK,0,NA
RO-00965,NLD,Netherlands,0,0,0,3,RO-00965NLD,0,NA
RO-00966,DEU,Germany,38,1,0,0,RO-00966DEU,0,NA
RO-00966,ISL,Iceland,0,0,0,0,RO-00966ISL,0,NA
RO-00966,SWE,Sweden,0,0,0,0,RO-00966SWE,0,NA
RO-00967,DEU,Germany,74,1,0,1,RO-00967DEU,0,NA
RO-00970,AUT,Austria,74,1,0,0,RO-00970AUT,1,NA
RO-00970,BGR,Bulgaria,4,1,0,0,RO-00970BGR,0,NA
RO-00970,CHE,Switzerland,13,1,0,0,RO-00970CHE,0,NA
RO-00970,DEU,Germany,30,1,0,0,RO-00970DEU,0,NA
RO-00970,HUN,Hungary,6,1,0,0,RO-00970HUN,0,NA
RO-00971,AUT,Austria,55,1,0,0,RO-00971AUT,1,NA
RO-00971,CHE,Switzerland,10,1,0,0,RO-00971CHE,0,NA
RO-00971,DEU,Germany,38,1,0,0,RO-00971DEU,0,NA
RO-00971,HUN,Hungary,2,1,0,0,RO-00971HUN,0,NA
RO-00971,NLD,Netherlands,0,0,0,2,RO-00971NLD,0,NA
RO-00973,AUT,Austria,19,1,0,1,RO-00973AUT,1,NA
RO-00973,DEU,Germany,32,1,0,0,RO-00973DEU,0,NA
RO-00973,SWE,Sweden,4,1,0,0,RO-00973SWE,1,NA
RO-00974,AUT,Austria,45,1,0,1,RO-00974AUT,1,NA
RO-00974,BEL,Belgium,0,0,0,0,RO-00974BEL,0,NA
RO-00974,BGR,Bulgaria,6,1,0,0,RO-00974BGR,0,NA
RO-00974,CZE,Czech Republic,8,1,0,0,RO-00974CZE,1,NA
RO-00974,DEU,Germany,37,1,0,0,RO-00974DEU,0,NA
RO-00974,FIN,Finland,6,1,0,0,RO-00974FIN,0,NA
RO-00974,LUX,Luxembourg,3,2,0,0,RO-00974LUX,1,NA
RO-00974,ROU,Romania,5,1,0,0,RO-00974ROU,0,NA
RO-00975,BEL,Belgium,0,0,0,0,RO-00975BEL,0,NA
RO-00975,FRA,France,34,2,0,3,RO-00975FRA,0,NA
RO-00976,BEL,Belgium,0,0,0,0,RO-00976BEL,0,NA
RO-00976,FRA,France,45,2,0,3,RO-00976FRA,0,NA
RO-00977,BEL,Belgium,0,0,0,0,RO-00977BEL,0,NA
RO-00977,FIN,Finland,0,0,0,0,RO-00977FIN,0,NA
RO-00977,FRA,France,35,2,0,4,RO-00977FRA,0,NA
RO-00978,BEL,Belgium,0,0,0,0,RO-00978BEL,0,NA
RO-00978,FRA,France,35,2,0,3,RO-00978FRA,0,NA
RO-00978,NLD,Netherlands,0,0,0,0,RO-00978NLD,0,NA
RO-00980,DEU,Germany,61,1,0,0,RO-00980DEU,1,NA
RO-00982,AUT,Austria,23,1,0,0,RO-00982AUT,1,NA
RO-00982,DEU,Germany,83,1,0,0,RO-00982DEU,0,NA
RO-00982,HUN,Hungary,2,1,0,0,RO-00982HUN,0,NA
RO-00982,POL,Poland,3,1,0,0,RO-00982POL,0,NA
RO-00982,SVN,Slovenia,3,1,0,0,RO-00982SVN,0,NA
RO-00982,SWE,Sweden,5,1,0,0,RO-00982SWE,1,NA
RO-00983,AUT,Austria,40,1,0,0,RO-00983AUT,1,NA
RO-00983,SVN,Slovenia,2,1,0,0,RO-00983SVN,0,NA
RO-00984,ITA,Italy,47,1,0,0,RO-00984ITA,1,NA
RO-00985,ITA,Italy,71,1,0,0,RO-00985ITA,2,NA
RO-00986,AUT,Austria,26,1,0,0,RO-00986AUT,1,NA
RO-00987,DEU,Germany,74,1,0,0,RO-00987DEU,0,NA
RO-00988,AUT,Austria,2,1,0,0,RO-00988AUT,1,NA
RO-00988,BEL,Belgium,28,2,0,1,RO-00988BEL,3,NA
RO-00988,BGR,Bulgaria,0,0,6,0,RO-00988BGR,0,NA
RO-00988,CHE,Switzerland,7,1,0,0,RO-00988CHE,0,NA
RO-00988,DEU,Germany,2,1,0,0,RO-00988DEU,0,NA
RO-00988,HUN,Hungary,2,1,0,0,RO-00988HUN,0,NA
RO-00988,NLD,Netherlands,5,1,3,0,RO-00988NLD,0,NA
RO-00988,PRT,Portugal,0,0,2,0,RO-00988PRT,0,NA
RO-00989,DEU,Germany,38,1,0,0,RO-00989DEU,0,NA
RO-00989,FRA,France,0,0,0,0,RO-00989FRA,0,NA
RO-00990,DEU,Germany,9,1,0,0,RO-00990DEU,0,NA
RO-00991,ITA,Italy,45,1,0,0,RO-00991ITA,0,NA
RO-00993,BEL,Belgium,0,0,0,0,RO-00993BEL,0,NA
RO-00993,ITA,Italy,105,2,0,0,RO-00993ITA,1,NA
RO-00994,ESP,Spain,96,1,0,0,RO-00994ESP,2,NA
RO-00996,ESP,Spain,77,1,0,0,RO-00996ESP,2,NA
RO-00997,ITA,Italy,43,1,0,0,RO-00997ITA,0,NA
RO-00998,ITA,Italy,58,2,0,0,RO-00998ITA,0,NA
RO-00999,DEU,Germany,39,1,0,0,RO-00999DEU,0,1
RO-01000,DEU,Germany,41,1,0,0,RO-01000DEU,0,NA
RO-01001,AUT,Austria,19,1,0,1,RO-01001AUT,1,1
RO-01001,DEU,Germany,74,1,0,0,RO-01001DEU,0,NA
RO-01001,IRL,Ireland,35,1,0,0,RO-01001IRL,0,NA
RO-01002,CHE,Switzerland,7,1,0,0,RO-01002CHE,0,NA
RO-01002,DEU,Germany,87,1,0,1,RO-01002DEU,0,NA
RO-01002,FRA,France,7,1,0,0,RO-01002FRA,0,NA
RO-01002,ITA,Italy,11,2,0,0,RO-01002ITA,0,NA
RO-01003,DEU,Germany,44,1,0,0,RO-01003DEU,0,NA
RO-01004,DEU,Germany,69,1,0,0,RO-01004DEU,0,NA
RO-01005,DEU,Germany,45,1,0,0,RO-01005DEU,0,NA
RO-01006,AUT,Austria,24,1,0,1,RO-01006AUT,1,NA
RO-01006,CHE,Switzerland,34,1,0,1,RO-01006CHE,0,NA
RO-01007,FRA,France,22,1,0,0,RO-01007FRA,0,NA
RO-01008,FRA,France,43,1,0,0,RO-01008FRA,0,NA
RO-01009,DEU,Germany,36,1,0,2,RO-01009DEU,0,NA
RO-01009,FRA,France,0,0,0,0,RO-01009FRA,0,NA
RO-01010,ITA,Italy,87,2,0,0,RO-01010ITA,0,NA
RO-01011,AUT,Austria,44,1,0,0,RO-01011AUT,1,NA
RO-01011,BGR,Bulgaria,8,1,0,0,RO-01011BGR,0,NA
RO-01011,HUN,Hungary,12,1,0,0,RO-01011HUN,1,NA
RO-01011,SWE,Sweden,21,1,0,0,RO-01011SWE,1,NA
RO-01012,DEU,Germany,68,1,0,0,RO-01012DEU,0,NA
RO-01013,DEU,Germany,63,1,0,0,RO-01013DEU,0,NA
RO-01014,DEU,Germany,18,1,0,0,RO-01014DEU,0,NA
RO-01015,AUT,Austria,37,1,0,0,RO-01015AUT,1,NA
RO-01015,DEU,Germany,40,1,0,0,RO-01015DEU,0,NA
RO-01016,ITA,Italy,69,1,0,0,RO-01016ITA,0,NA
RO-01017,BEL,Belgium,0,0,0,0,RO-01017BEL,0,NA
RO-01017,FRA,France,35,2,0,3,RO-01017FRA,0,NA
RO-01018,FRA,France,35,2,0,3,RO-01018FRA,0,NA
RO-01019,BEL,Belgium,0,0,0,0,RO-01019BEL,0,NA
RO-01019,FRA,France,36,0,0,3,RO-01019FRA,0,NA
RO-01020,BEL,Belgium,0,0,0,0,RO-01020BEL,0,NA
RO-01020,FRA,France,36,1,0,3,RO-01020FRA,0,NA
RO-01021,ITA,Italy,108,2,0,0,RO-01021ITA,2,NA
RO-01022,ESP,Spain,62,1,0,0,RO-01022ESP,2,NA
RO-01024,DEU,Germany,68,1,0,1,RO-01024DEU,0,NA
RO-01025,ESP,Spain,101,1,0,0,RO-01025ESP,2,NA
RO-01026,DEU,Germany,90,1,0,0,RO-01026DEU,0,1
RO-01026,GRC,Greece,2,1,0,0,RO-01026GRC,0,NA
RO-01027,DEU,Germany,58,1,0,2,RO-01027DEU,0,1
RO-01028,DEU,Germany,45,1,0,0,RO-01028DEU,0,1
RO-01029,DEU,Germany,45,1,0,0,RO-01029DEU,0,NA
RO-01029,FIN,Finland,10,1,0,0,RO-01029FIN,0,NA
RO-01030,ITA,Italy,53,2,0,0,RO-01030ITA,0,NA
RO-01031,DEU,Germany,67,1,0,0,RO-01031DEU,0,NA
RO-01031,POL,Poland,4,1,0,0,RO-01031POL,0,NA
RO-01032,DEU,Germany,38,1,0,0,RO-01032DEU,0,1
RO-01035,DEU,Germany,42,1,0,0,RO-01035DEU,0,NA
RO-01036,DEU,Germany,66,1,0,0,RO-01036DEU,1,NA
RO-01037,DEU,Germany,37,2,0,0,RO-01037DEU,2,NA
RO-01037,FRA,France,0,0,0,0,RO-01037FRA,0,NA
RO-01038,DEU,Germany,37,2,0,0,RO-01038DEU,0,NA
RO-01038,ITA,Italy,0,2,0,0,RO-01038ITA,0,NA
RO-01038,SWE,Sweden,0,0,0,0,RO-01038SWE,0,NA
RO-01039,DEU,Germany,74,1,0,0,RO-01039DEU,0,1
RO-01040,FIN,Finland,3,1,0,0,RO-01040FIN,1,NA
RO-01041,DEU,Germany,62,1,0,0,RO-01041DEU,1,NA
RO-01042,SWE,Sweden,54,1,0,0,RO-01042SWE,1,NA
RO-01043,DEU,Germany,57,1,0,0,RO-01043DEU,0,NA
RO-01044,AUT,Austria,23,1,0,0,RO-01044AUT,1,NA
RO-01045,AUT,Austria,32,1,0,0,RO-01045AUT,1,NA
RO-01046,BEL,Belgium,0,0,0,0,RO-01046BEL,0,NA
RO-01046,FRA,France,37,1,0,3,RO-01046FRA,0,NA
RO-01047,DEU,Germany,64,1,0,0,RO-01047DEU,0,NA
RO-01048,AUT,Austria,34,1,0,0,RO-01048AUT,1,NA
RO-01048,BGR,Bulgaria,8,1,0,0,RO-01048BGR,0,NA
RO-01048,SWE,Sweden,64,2,0,0,RO-01048SWE,1,NA
RO-01049,AUT,Austria,39,1,0,1,RO-01049AUT,1,NA
RO-01049,BGR,Bulgaria,0,0,0,0,RO-01049BGR,0,NA
RO-01049,SWE,Sweden,72,2,0,1,RO-01049SWE,1,NA
RO-01050,BGR,Bulgaria,4,1,0,0,RO-01050BGR,0,NA
RO-01050,SWE,Sweden,68,2,0,0,RO-01050SWE,1,NA
RO-01053,DEU,Germany,6,1,0,0,RO-01053DEU,0,NA
RO-01054,FIN,Finland,10,1,0,0,RO-01054FIN,1,NA
RO-01054,NOR,Norway,6,1,0,1,RO-01054NOR,0,NA
RO-01054,SWE,Sweden,23,2,0,0,RO-01054SWE,1,NA
RO-01055,ITA,Italy,86,1,0,0,RO-01055ITA,0,NA
RO-01056,SWE,Sweden,114,2,0,0,RO-01056SWE,1,NA
RO-01057,FRA,France,22,1,0,0,RO-01057FRA,0,NA
RO-01058,ITA,Italy,68,1,0,0,RO-01058ITA,0,NA
RO-01059,AUT,Austria,34,1,0,0,RO-01059AUT,1,NA
RO-01059,BGR,Bulgaria,4,1,0,0,RO-01059BGR,0,NA
RO-01059,SWE,Sweden,64,2,0,0,RO-01059SWE,1,NA
RO-01060,AUT,Austria,40,1,0,0,RO-01060AUT,1,NA
RO-01060,DEU,Germany,37,1,0,0,RO-01060DEU,0,NA
RO-01061,DEU,Germany,67,1,0,0,RO-01061DEU,0,NA
RO-01063,DEU,Germany,59,1,0,0,RO-01063DEU,0,NA
RO-01065,DEU,Germany,39,1,0,0,RO-01065DEU,0,NA
RO-01066,DEU,Germany,127,1,0,0,RO-01066DEU,0,NA
RO-01066,POL,Poland,3,1,0,0,RO-01066POL,0,NA
RO-01067,AUT,Austria,14,1,0,0,RO-01067AUT,1,NA
RO-01067,DEU,Germany,96,1,0,0,RO-01067DEU,1,NA
RO-01067,FIN,Finland,11,1,0,0,RO-01067FIN,0,NA
RO-01068,DEU,Germany,97,1,0,0,RO-01068DEU,0,NA
RO-01068,ITA,Italy,11,2,0,0,RO-01068ITA,0,NA
RO-01069,BEL,Belgium,0,0,0,0,RO-01069BEL,0,NA
RO-01069,FRA,France,37,1,0,3,RO-01069FRA,0,NA
RO-01070,BEL,Belgium,0,0,0,0,RO-01070BEL,0,NA
RO-01070,FRA,France,38,1,0,3,RO-01070FRA,0,NA
RO-01071,BEL,Belgium,0,0,0,0,RO-01071BEL,0,NA
RO-01071,FRA,France,37,1,0,3,RO-01071FRA,0,NA
RO-01072,FRA,France,34,1,0,4,RO-01072FRA,0,NA
RO-01073,DEU,Germany,37,1,0,0,RO-01073DEU,0,NA
RO-01074,FRA,France,48,1,0,0,RO-01074FRA,0,NA
RO-01075,DEU,Germany,24,2,0,0,RO-01075DEU,0,NA
RO-01076,DEU,Germany,25,1,0,0,RO-01076DEU,0,NA
RO-01077,DEU,Germany,64,1,0,0,RO-01077DEU,0,NA
RO-01078,ITA,Italy,50,1,0,0,RO-01078ITA,0,NA
RO-01079,DEU,Germany,31,1,0,0,RO-01079DEU,0,1
RO-01080,DEU,Germany,46,1,0,0,RO-01080DEU,0,NA
RO-01081,ITA,Italy,62,1,0,0,RO-01081ITA,0,NA
RO-01083,ITA,Italy,51,2,0,0,RO-01083ITA,0,NA
RO-01087,DEU,Germany,40,1,0,0,RO-01087DEU,0,NA
RO-01088,DEU,Germany,73,1,0,0,RO-01088DEU,0,NA
RO-01089,DEU,Germany,73,1,0,0,RO-01089DEU,0,NA
RO-01090,CHE,Switzerland,3,1,0,0,RO-01090CHE,0,NA
RO-01090,DEU,Germany,82,1,0,0,RO-01090DEU,0,NA
RO-01091,ESP,Spain,29,1,0,0,RO-01091ESP,2,NA
RO-01092,ESP,Spain,67,1,0,0,RO-01092ESP,2,NA
RO-01093,DEU,Germany,63,1,0,0,RO-01093DEU,0,1
RO-01094,DEU,Germany,80,1,0,0,RO-01094DEU,1,NA
RO-01095,ITA,Italy,108,2,0,0,RO-01095ITA,3,NA
RO-01096,ITA,Italy,87,2,0,0,RO-01096ITA,1,NA
RO-01097,ITA,Italy,55,3,0,0,RO-01097ITA,0,NA
RO-01099,DEU,Germany,44,1,0,0,RO-01099DEU,1,NA
RO-01100,AUT,Austria,19,1,0,1,RO-01100AUT,1,NA
RO-01100,DEU,Germany,99,1,0,0,RO-01100DEU,1,NA
RO-01100,FIN,Finland,11,1,0,0,RO-01100FIN,0,NA
RO-01100,SWE,Sweden,3,1,0,0,RO-01100SWE,0,NA
RO-01102,BEL,Belgium,0,0,0,0,RO-01102BEL,0,NA
RO-01102,FRA,France,38,1,0,3,RO-01102FRA,0,NA
RO-01103,BEL,Belgium,0,0,0,0,RO-01103BEL,0,NA
RO-01103,FRA,France,37,1,0,3,RO-01103FRA,0,NA
RO-01104,BEL,Belgium,0,0,0,0,RO-01104BEL,0,NA
RO-01104,FRA,France,38,1,0,3,RO-01104FRA,0,NA
RO-01105,DEU,Germany,38,2,0,2,RO-01105DEU,0,1
RO-01105,FRA,France,0,0,0,0,RO-01105FRA,0,NA
RO-01105,ITA,Italy,0,0,0,0,RO-01105ITA,0,NA
RO-01106,DEU,Germany,38,1,0,0,RO-01106DEU,0,1
RO-01107,ITA,Italy,62,1,0,0,RO-01107ITA,0,NA
RO-01108,DEU,Germany,38,1,0,0,RO-01108DEU,0,NA
RO-01108,FRA,France,0,0,0,0,RO-01108FRA,0,NA
RO-01109,DEU,Germany,33,1,0,0,RO-01109DEU,0,NA
RO-01111,DEU,Germany,58,1,0,0,RO-01111DEU,0,NA
RO-01112,ITA,Italy,63,2,0,0,RO-01112ITA,0,NA
RO-01113,DEU,Germany,16,1,0,0,RO-01113DEU,0,1
RO-01114,ITA,Italy,60,2,0,0,RO-01114ITA,0,NA
RO-01115,DEU,Germany,39,1,0,0,RO-01115DEU,0,NA
RO-01116,DEU,Germany,93,1,0,0,RO-01116DEU,0,1
RO-01117,DEU,Germany,34,1,0,0,RO-01117DEU,0,NA
RO-01118,DEU,Germany,66,1,0,0,RO-01118DEU,0,NA
RO-01118,SWE,Sweden,2,1,0,0,RO-01118SWE,1,NA
RO-01119,ITA,Italy,70,1,0,0,RO-01119ITA,0,NA
RO-01120,ITA,Italy,76,2,0,0,RO-01120ITA,0,NA
RO-01121,ITA,Italy,74,2,0,0,RO-01121ITA,0,NA
RO-01122,ITA,Italy,45,1,0,0,RO-01122ITA,0,NA
RO-01123,BGR,Bulgaria,3,1,0,0,RO-01123BGR,0,NA
RO-01123,DEU,Germany,82,1,0,0,RO-01123DEU,0,1
RO-01123,PRT,Portugal,2,1,0,0,RO-01123PRT,0,NA
RO-01124,BGR,Bulgaria,3,1,0,0,RO-01124BGR,0,NA
RO-01124,ESP,Spain,96,1,0,0,RO-01124ESP,2,NA
RO-01124,POL,Poland,3,1,0,0,RO-01124POL,0,NA
RO-01125,BGR,Bulgaria,2,1,0,0,RO-01125BGR,0,NA
RO-01125,ITA,Italy,85,3,0,0,RO-01125ITA,0,NA
RO-01127,BEL,Belgium,0,0,0,0,RO-01127BEL,0,NA
RO-01127,FRA,France,38,1,0,3,RO-01127FRA,0,NA
RO-01128,FRA,France,38,1,0,3,RO-01128FRA,0,1
RO-01129,FRA,France,0,1,0,3,RO-01129FRA,0,NA
RO-01130,BEL,Belgium,0,0,0,0,RO-01130BEL,0,1
RO-01130,FRA,France,38,1,0,3,RO-01130FRA,0,NA
RO-01131,BEL,Belgium,0,0,0,0,RO-01131BEL,0,NA
RO-01131,FRA,France,36,1,0,3,RO-01131FRA,0,NA
RO-01132,BEL,Belgium,0,0,0,0,RO-01132BEL,0,NA
RO-01132,FRA,France,38,1,0,3,RO-01132FRA,0,NA
RO-01133,BEL,Belgium,0,0,0,0,RO-01133BEL,0,NA
RO-01133,FRA,France,38,1,0,3,RO-01133FRA,0,NA
RO-01134,AUT,Austria,23,1,0,0,RO-01134AUT,1,NA
RO-01134,DEU,Germany,39,1,0,0,RO-01134DEU,0,NA
RO-01135,AUT,Austria,47,1,0,0,RO-01135AUT,1,NA
RO-01135,HUN,Hungary,2,1,0,0,RO-01135HUN,0,NA
RO-01135,SWE,Sweden,5,1,0,0,RO-01135SWE,0,NA
RO-01136,AUT,Austria,34,1,0,0,RO-01136AUT,1,NA
RO-01136,DEU,Germany,32,1,0,0,RO-01136DEU,0,NA
RO-01136,LUX,Luxembourg,10,2,0,1,RO-01136LUX,1,NA
RO-01137,AUT,Austria,49,1,0,0,RO-01137AUT,1,NA
RO-01137,CHE,Switzerland,4,1,0,0,RO-01137CHE,0,NA
RO-01137,DEU,Germany,31,1,0,0,RO-01137DEU,0,NA
RO-01137,FRA,France,10,1,0,0,RO-01137FRA,0,NA
RO-01137,NOR,Norway,6,1,0,0,RO-01137NOR,0,NA
RO-01137,SWE,Sweden,5,1,0,0,RO-01137SWE,0,NA
RO-01139,ITA,Italy,63,1,0,0,RO-01139ITA,0,NA
RO-01140,ESP,Spain,75,1,0,0,RO-01140ESP,1,NA
RO-01140,SWE,Sweden,7,1,0,0,RO-01140SWE,1,NA
RO-01143,BGR,Bulgaria,2,1,0,0,RO-01143BGR,0,NA
RO-01143,DEU,Germany,87,1,0,0,RO-01143DEU,0,NA
RO-01143,SWE,Sweden,4,1,0,0,RO-01143SWE,0,NA
RO-01144,DEU,Germany,64,1,0,0,RO-01144DEU,0,NA
RO-01145,FRA,France,48,1,0,0,RO-01145FRA,1,NA
RO-01146,ITA,Italy,53,2,0,0,RO-01146ITA,0,NA
RO-01147,ITA,Italy,64,2,0,0,RO-01147ITA,3,NA
RO-01148,DEU,Germany,8,1,0,0,RO-01148DEU,0,NA
RO-01149,AUT,Austria,19,1,0,0,RO-01149AUT,1,NA
RO-01149,DEU,Germany,44,1,0,0,RO-01149DEU,0,NA
RO-01150,AUT,Austria,12,1,0,0,RO-01150AUT,1,NA
RO-01150,DEU,Germany,75,1,0,0,RO-01150DEU,0,NA
RO-01151,DEU,Germany,39,1,0,0,RO-01151DEU,1,NA
RO-01152,DEU,Germany,105,1,0,0,RO-01152DEU,1,NA
RO-01152,ITA,Italy,12,2,0,0,RO-01152ITA,1,NA
RO-01152,SWE,Sweden,4,1,0,0,RO-01152SWE,1,NA
RO-01153,ITA,Italy,58,2,0,0,RO-01153ITA,0,NA
RO-01154,DEU,Germany,5,1,0,0,RO-01154DEU,0,NA
RO-01155,ITA,Italy,84,2,0,0,RO-01155ITA,0,NA
RO-01156,ITA,Italy,73,2,0,0,RO-01156ITA,0,NA
RO-01158,DEU,Germany,33,1,0,0,RO-01158DEU,0,NA
RO-01159,DEU,Germany,42,1,0,0,RO-01159DEU,0,NA
RO-01160,DEU,Germany,8,1,0,0,RO-01160DEU,0,1
RO-01161,DEU,Germany,109,1,0,0,RO-01161DEU,0,NA
RO-01162,DEU,Germany,86,1,0,0,RO-01162DEU,0,NA
RO-01163,DEU,Germany,109,1,0,0,RO-01163DEU,0,NA
RO-01164,DEU,Germany,44,1,0,0,RO-01164DEU,1,NA
RO-01165,DEU,Germany,51,1,0,0,RO-01165DEU,0,1
RO-01166,ITA,Italy,47,2,0,0,RO-01166ITA,0,NA
RO-01167,ITA,Italy,91,2,0,0,RO-01167ITA,0,NA
RO-01168,DEU,Germany,43,1,0,0,RO-01168DEU,0,1
RO-01169,DEU,Germany,80,1,0,0,RO-01169DEU,0,NA
RO-01170,DEU,Germany,72,1,0,0,RO-01170DEU,0,1
RO-01171,DEU,Germany,57,1,0,0,RO-01171DEU,0,NA
RO-01172,DEU,Germany,69,1,0,0,RO-01172DEU,0,NA
RO-01173,DEU,Germany,66,1,0,0,RO-01173DEU,0,NA
RO-01174,DEU,Germany,40,1,0,0,RO-01174DEU,0,NA
RO-01175,ITA,Italy,52,2,0,0,RO-01175ITA,0,NA
RO-01176,AUT,Austria,85,1,0,0,RO-01176AUT,1,NA
RO-01176,BGR,Bulgaria,4,1,0,0,RO-01176BGR,0,NA
RO-01176,HUN,Hungary,24,1,0,0,RO-01176HUN,1,NA
RO-01177,ITA,Italy,77,2,0,0,RO-01177ITA,0,NA
RO-01184,DEU,Germany,15,1,0,0,RO-01184DEU,0,1
RO-01185,ITA,Italy,94,1,0,0,RO-01185ITA,0,NA
RO-01189,DEU,Germany,60,1,0,1,RO-01189DEU,0,NA
RO-01190,ITA,Italy,84,2,0,0,RO-01190ITA,0,NA
RO-01191,ITA,Italy,69,1,0,0,RO-01191ITA,0,NA
RO-01192,ITA,Italy,118,1,0,0,RO-01192ITA,2,NA
RO-01199,NOR,Norway,35,2,0,1,RO-01199NOR,0,NA
RO-01199,SWE,Sweden,17,1,0,0,RO-01199SWE,1,NA
RO-01200,ESP,Spain,90,0,0,0,RO-01200ESP,1,NA
RO-01201,AUT,Austria,23,1,0,0,RO-01201AUT,1,NA
RO-01201,BGR,Bulgaria,4,1,0,0,RO-01201BGR,0,NA
RO-01201,HUN,Hungary,19,1,0,0,RO-01201HUN,1,NA
RO-01201,SVN,Slovenia,2,1,0,0,RO-01201SVN,0,NA
RO-01202,DEU,Germany,65,1,0,0,RO-01202DEU,0,1
RO-01203,AUT,Austria,46,1,0,0,RO-01203AUT,1,NA
RO-01203,HUN,Hungary,18,1,0,0,RO-01203HUN,1,NA
RO-01203,SWE,Sweden,21,1,0,0,RO-01203SWE,1,NA
RO-01214,ITA,Italy,81,2,0,0,RO-01214ITA,0,NA
RO-01215,BEL,Belgium,0,0,0,0,RO-01215BEL,0,NA
RO-01215,FRA,France,38,1,0,3,RO-01215FRA,0,NA
RO-01216,BEL,Belgium,0,0,0,0,RO-01216BEL,0,NA
RO-01216,FRA,France,38,1,0,4,RO-01216FRA,0,NA
RO-01217,BEL,Belgium,0,0,0,0,RO-01217BEL,0,NA
RO-01217,FRA,France,39,1,0,4,RO-01217FRA,0,NA
RO-01218,BEL,Belgium,0,0,0,0,RO-01218BEL,0,NA
RO-01218,FRA,France,41,1,0,4,RO-01218FRA,0,NA
RO-01221,ITA,Italy,68,1,0,0,RO-01221ITA,0,NA
RO-01224,AUT,Austria,22,1,0,0,RO-01224AUT,1,1
RO-01224,DEU,Germany,41,1,0,0,RO-01224DEU,0,NA
RO-01225,FRA,France,37,1,0,0,RO-01225FRA,0,NA
RO-01227,ESP,Spain,49,1,0,0,RO-01227ESP,1,NA
RO-01230,DEU,Germany,41,1,0,1,RO-01230DEU,0,1
RO-01234,ESP,Spain,49,1,0,0,RO-01234ESP,1,NA
RO-01234,IRL,Ireland,0,0,0,2,RO-01234IRL,0,NA
RO-01235,ITA,Italy,82,2,0,0,RO-01235ITA,0,NA
RO-01238,ITA,Italy,91,2,0,0,RO-01238ITA,0,NA
RO-01239,ITA,Italy,88,2,0,0,RO-01239ITA,3,NA
RO-01242,DEU,Germany,15,1,0,0,RO-01242DEU,0,NA
RO-01243,ITA,Italy,85,2,0,0,RO-01243ITA,0,NA
RO-01244,ITA,Italy,0,1,0,0,RO-01244ITA,0,NA
RO-01245,BEL,Belgium,2,1,0,0,RO-01245BEL,0,NA
RO-01245,ITA,Italy,90,2,0,0,RO-01245ITA,2,NA
RO-01246,ITA,Italy,87,2,0,0,RO-01246ITA,0,NA
RO-01247,AUT,Austria,27,1,0,1,RO-01247AUT,1,NA
RO-01247,DEU,Germany,85,1,0,0,RO-01247DEU,0,NA
RO-01247,SWE,Sweden,8,1,0,0,RO-01247SWE,1,NA
RO-01249,DEU,Germany,10,1,0,0,RO-01249DEU,0,NA
RO-01250,ITA,Italy,88,1,0,0,RO-01250ITA,0,NA
RO-01251,BEL,Belgium,9,1,0,0,RO-01251BEL,2,NA
RO-01251,IRL,Ireland,49,1,0,0,RO-01251IRL,0,NA
RO-01251,ISL,Iceland,11,2,0,0,RO-01251ISL,0,NA
RO-01252,ITA,Italy,72,1,0,0,RO-01252ITA,0,NA
RO-01254,BEL,Belgium,0,0,0,0,RO-01254BEL,0,NA
RO-01254,FRA,France,45,1,0,4,RO-01254FRA,0,NA
RO-01255,BEL,Belgium,0,0,0,0,RO-01255BEL,0,NA
RO-01255,FRA,France,45,1,0,3,RO-01255FRA,0,NA
RO-01256,BEL,Belgium,0,0,0,0,RO-01256BEL,0,NA
RO-01256,FRA,France,43,1,0,3,RO-01256FRA,0,NA
RO-01257,BEL,Belgium,0,0,0,0,RO-01257BEL,0,NA
RO-01257,FRA,France,43,1,0,4,RO-01257FRA,0,NA
RO-01258,BEL,Belgium,0,0,0,0,RO-01258BEL,0,NA
RO-01258,FRA,France,41,1,0,3,RO-01258FRA,0,NA
RO-01259,BEL,Belgium,0,0,0,0,RO-01259BEL,0,NA
RO-01259,FRA,France,44,1,0,4,RO-01259FRA,0,NA
RO-01260,DEU,Germany,59,1,0,0,RO-01260DEU,0,NA
RO-01261,ITA,Italy,90,2,0,0,RO-01261ITA,0,NA
RO-01262,ITA,Italy,85,2,0,0,RO-01262ITA,2,NA
RO-01265,FRA,France,39,2,0,0,RO-01265FRA,0,NA
RO-01265,SWE,Sweden,0,0,0,0,RO-01265SWE,0,NA
RO-01266,ESP,Spain,52,1,0,0,RO-01266ESP,0,NA
RO-01267,ESP,Spain,38,1,0,0,RO-01267ESP,0,NA
RO-01268,ITA,Italy,87,2,0,0,RO-01268ITA,0,NA
RO-01269,ITA,Italy,79,1,0,0,RO-01269ITA,0,NA
RO-01270,DEU,Germany,44,1,0,0,RO-01270DEU,0,NA
RO-01271,DEU,Germany,58,1,0,0,RO-01271DEU,0,NA
RO-01271,NOR,Norway,5,1,0,0,RO-01271NOR,0,NA
RO-01271,SWE,Sweden,3,1,0,0,RO-01271SWE,0,NA
RO-01273,ESP,Spain,81,1,0,0,RO-01273ESP,1,NA
RO-01274,DEU,Germany,34,1,0,0,RO-01274DEU,0,1
RO-01275,ITA,Italy,80,1,0,0,RO-01275ITA,0,NA
RO-01276,ITA,Italy,99,0,0,0,RO-01276ITA,0,NA
RO-01277,LUX,Luxembourg,17,2,0,0,RO-01277LUX,1,NA
RO-01278,ITA,Italy,34,2,0,0,RO-01278ITA,0,NA
RO-01280,ITA,Italy,86,1,0,0,RO-01280ITA,0,NA
RO-01282,ITA,Italy,39,2,0,0,RO-01282ITA,0,NA
RO-01290,ITA,Italy,52,1,0,0,RO-01290ITA,0,NA
RO-01296,ITA,Italy,42,2,0,0,RO-01296ITA,0,NA
RO-01297,ITA,Italy,49,2,0,0,RO-01297ITA,2,NA
RO-01300,DNK,Denmark,22,1,0,1,RO-01300DNK,0,NA
RO-01308,ITA,Italy,31,1,0,0,RO-01308ITA,0,NA
RO-01309,ESP,Spain,54,1,0,0,RO-01309ESP,0,NA
RO-01310,ESP,Spain,37,0,0,0,RO-01310ESP,0,NA
RO-01319,ITA,Italy,28,1,0,0,RO-01319ITA,0,NA
RO-01320,ITA,Italy,96,1,0,0,RO-01320ITA,0,NA
RO-01178,DEU,Germany,111,1,0,1,RO-01178DEU,0,NA
RO-01179,DEU,Germany,96,1,0,0,RO-01179DEU,0,NA
RO-01179,POL,Poland,4,1,0,0,RO-01179POL,0,NA
RO-01180,AUT,Austria,22,1,0,0,RO-01180AUT,1,NA
RO-01180,DEU,Germany,91,1,0,0,RO-01180DEU,0,NA
RO-01180,SWE,Sweden,7,1,0,0,RO-01180SWE,0,NA
RO-01186,DEU,Germany,74,1,0,0,RO-01186DEU,0,NA
RO-01186,GRC,Greece,16,1,0,0,RO-01186GRC,0,NA
RO-01187,DEU,Germany,104,1,0,0,RO-01187DEU,0,NA
RO-01188,DEU,Germany,88,1,0,0,RO-01188DEU,0,NA
RO-01193,DEU,Germany,38,1,0,2,RO-01193DEU,0,NA
RO-01193,FRA,France,0,0,0,0,RO-01193FRA,0,NA
RO-01193,SWE,Sweden,0,0,0,0,RO-01193SWE,0,NA
RO-01194,DEU,Germany,38,1,0,0,RO-01194DEU,0,NA
RO-01194,ITA,Italy,0,0,0,0,RO-01194ITA,0,NA
RO-01195,DEU,Germany,38,1,0,2,RO-01195DEU,0,NA
RO-01195,FRA,France,0,0,0,0,RO-01195FRA,0,NA
RO-01195,ITA,Italy,0,0,0,0,RO-01195ITA,0,NA
RO-01204,AUT,Austria,35,1,0,0,RO-01204AUT,1,NA
RO-01204,BEL,Belgium,5,1,0,0,RO-01204BEL,0,NA
RO-01204,DEU,Germany,52,1,0,0,RO-01204DEU,0,NA
RO-01204,GRC,Greece,2,1,0,0,RO-01204GRC,0,NA
RO-01205,AUT,Austria,50,1,0,0,RO-01205AUT,1,NA
RO-01205,HUN,Hungary,4,1,0,0,RO-01205HUN,0,NA
RO-01205,LUX,Luxembourg,14,2,0,0,RO-01205LUX,1,NA
RO-01205,SWE,Sweden,15,1,0,0,RO-01205SWE,0,NA
RO-01210,AUT,Austria,15,1,0,2,RO-01210AUT,1,NA
RO-01211,AUT,Austria,24,1,0,1,RO-01211AUT,1,NA
RO-01212,AUT,Austria,18,1,0,1,RO-01212AUT,1,NA
RO-01219,AUT,Austria,44,1,0,0,RO-01219AUT,1,NA
RO-01219,BGR,Bulgaria,4,1,0,0,RO-01219BGR,0,NA
RO-01219,GRC,Greece,4,1,0,0,RO-01219GRC,1,NA
RO-01219,SWE,Sweden,62,2,0,0,RO-01219SWE,1,NA
RO-01220,BGR,Bulgaria,2,1,0,0,RO-01220BGR,0,NA
RO-01220,SWE,Sweden,58,2,0,3,RO-01220SWE,1,NA
RO-01231,DEU,Germany,47,1,0,0,RO-01231DEU,0,NA
RO-01231,NOR,Norway,3,1,0,0,RO-01231NOR,0,NA
RO-01233,DEU,Germany,103,1,0,0,RO-01233DEU,0,NA
RO-01233,POL,Poland,3,1,0,0,RO-01233POL,0,NA
RO-01237,DEU,Germany,71,1,0,0,RO-01237DEU,0,NA
RO-01263,DEU,Germany,45,1,0,0,RO-01263DEU,0,NA
RO-01263,FIN,Finland,4,1,0,0,RO-01263FIN,1,NA
RO-01264,DEU,Germany,43,1,0,0,RO-01264DEU,0,1
RO-01281,DEU,Germany,30,3,0,1,RO-01281DEU,3,NA
RO-01283,AUT,Austria,15,1,0,0,RO-01283AUT,1,NA
RO-01283,DEU,Germany,122,1,0,0,RO-01283DEU,0,NA
RO-01283,POL,Poland,3,1,0,0,RO-01283POL,0,NA
RO-01284,DEU,Germany,95,1,0,0,RO-01284DEU,0,NA
RO-01285,DEU,Germany,107,1,0,0,RO-01285DEU,0,NA
RO-01285,POL,Poland,1,1,0,0,RO-01285POL,0,NA
RO-01289,AUT,Austria,23,1,0,1,RO-01289AUT,1,NA
RO-01289,BGR,Bulgaria,2,1,0,0,RO-01289BGR,0,NA
RO-01289,HUN,Hungary,16,1,0,0,RO-01289HUN,1,NA
RO-01291,DEU,Germany,68,1,0,0,RO-01291DEU,0,1
RO-01292,DEU,Germany,70,1,0,0,RO-01292DEU,0,NA
RO-01294,DEU,Germany,47,1,0,0,RO-01294DEU,0,NA
RO-01295,DEU,Germany,65,1,0,0,RO-01295DEU,0,NA
RO-01298,DEU,Germany,65,1,0,0,RO-01298DEU,0,NA
RO-01299,BEL,Belgium,16,2,0,0,RO-01299BEL,2,NA
RO-01299,DEU,Germany,44,1,0,2,RO-01299DEU,0,1
RO-01304,DEU,Germany,42,1,0,0,RO-01304DEU,0,NA
RO-01305,DEU,Germany,31,1,0,0,RO-01305DEU,0,NA
RO-01306,DEU,Germany,41,1,0,0,RO-01306DEU,0,NA
RO-01307,ESP,Spain,68,1,0,0,RO-01307ESP,2,NA
RO-01311,BEL,Belgium,0,0,0,0,RO-01311BEL,0,NA
RO-01311,FRA,France,43,1,0,3,RO-01311FRA,0,NA
RO-01312,BEL,Belgium,0,0,0,0,RO-01312BEL,0,NA
RO-01312,FRA,France,43,1,0,3,RO-01312FRA,0,NA
RO-01313,BEL,Belgium,0,0,0,0,RO-01313BEL,0,NA
RO-01313,FRA,France,46,1,0,3,RO-01313FRA,0,NA
RO-01314,DEU,Germany,46,1,0,0,RO-01314DEU,0,1
RO-01314,FIN,Finland,4,1,0,0,RO-01314FIN,0,NA
RO-01315,DEU,Germany,19,1,0,0,RO-01315DEU,0,NA
RO-01317,FRA,France,43,1,0,1,RO-01317FRA,0,NA
RO-01321,BEL,Belgium,0,0,0,0,RO-01321BEL,0,NA
RO-01321,GRC,Greece,52,1,0,0,RO-01321GRC,2,NA
RO-01322,DEU,Germany,57,1,0,0,RO-01322DEU,0,NA
RO-01326,DEU,Germany,33,1,0,0,RO-01326DEU,0,NA
RO-01328,DEU,Germany,39,1,0,0,RO-01328DEU,0,NA
RO-01330,ITA,Italy,44,1,0,0,RO-01330ITA,0,NA
RO-01331,ITA,Italy,80,2,0,0,RO-01331ITA,2,NA
RO-01333,ESP,Spain,67,1,0,0,RO-01333ESP,2,NA
RO-01334,ITA,Italy,42,2,0,0,RO-01334ITA,3,NA
RO-01335,BEL,Belgium,0,0,0,0,RO-01335BEL,0,NA
RO-01335,FRA,France,46,1,0,3,RO-01335FRA,0,NA
RO-01336,BEL,Belgium,0,0,0,0,RO-01336BEL,0,NA
RO-01336,FRA,France,44,1,0,3,RO-01336FRA,0,NA
RO-01337,BEL,Belgium,0,0,0,0,RO-01337BEL,0,NA
RO-01337,FRA,France,47,0,0,0,RO-01337FRA,1,NA
RO-01338,BEL,Belgium,0,0,0,0,RO-01338BEL,0,NA
RO-01338,FRA,France,44,1,0,3,RO-01338FRA,0,NA
RO-01341,ITA,Italy,108,3,0,0,RO-01341ITA,3,NA
RO-01342,FRA,France,47,1,0,0,RO-01342FRA,0,NA
RO-01342,LUX,Luxembourg,0,0,0,0,RO-01342LUX,0,NA
RO-01343,BEL,Belgium,0,0,0,0,RO-01343BEL,0,NA
RO-01343,FRA,France,46,1,0,4,RO-01343FRA,0,NA
RO-01347,DEU,Germany,93,1,0,0,RO-01347DEU,0,NA
RO-01348,ITA,Italy,26,1,0,0,RO-01348ITA,0,NA
RO-01350,ESP,Spain,76,1,0,0,RO-01350ESP,2,NA
RO-01351,ESP,Spain,38,0,0,0,RO-01351ESP,0,NA
RO-01353,ITA,Italy,59,2,0,0,RO-01353ITA,2,NA
RO-01354,ESP,Spain,62,1,0,0,RO-01354ESP,0,NA
RO-01356,ITA,Italy,35,2,0,0,RO-01356ITA,2,NA
RO-01357,DEU,Germany,26,1,0,0,RO-01357DEU,0,NA
RO-01359,ITA,Italy,57,2,0,0,RO-01359ITA,0,NA
RO-01363,FRA,France,27,1,0,0,RO-01363FRA,0,NA
RO-01365,DEU,Germany,54,1,0,0,RO-01365DEU,0,NA
RO-01369,ITA,Italy,34,1,0,0,RO-01369ITA,0,NA
RO-01370,ITA,Italy,37,2,0,0,RO-01370ITA,0,NA
RO-01393,NOR,Norway,12,1,0,0,RO-01393NOR,0,NA
RO-01401,AUT,Austria,35,1,0,1,RO-01401AUT,1,NA
RO-01405,DEU,Germany,39,1,0,0,RO-01405DEU,0,NA
RO-01409,DEU,Germany,47,1,0,0,RO-01409DEU,0,NA
RO-01414,DEU,Germany,59,1,0,0,RO-01414DEU,0,NA
RO-01415,DEU,Germany,69,1,0,0,RO-01415DEU,0,NA
RO-01420,AUT,Austria,51,1,0,1,RO-01420AUT,1,NA
RO-01421,DEU,Germany,39,1,0,0,RO-01421DEU,0,NA
RO-01421,GRC,Greece,19,0,0,0,RO-01421GRC,2,NA
RO-01425,DEU,Germany,40,1,0,0,RO-01425DEU,0,NA
RO-01426,DEU,Germany,68,1,0,0,RO-01426DEU,0,NA
RO-01428,DEU,Germany,65,1,0,0,RO-01428DEU,0,NA
RO-01429,FRA,France,39,2,0,1,RO-01429FRA,0,NA
RO-01430,FRA,France,42,0,0,0,RO-01430FRA,0,NA
RO-01434,DEU,Germany,57,1,0,0,RO-01434DEU,0,NA
RO-01435,DEU,Germany,56,1,0,0,RO-01435DEU,0,NA
RO-01436,DEU,Germany,59,1,0,0,RO-01436DEU,0,NA
RO-01436,SWE,Sweden,9,1,0,0,RO-01436SWE,0,NA
RO-01437,DEU,Germany,58,1,0,0,RO-01437DEU,0,NA
RO-01437,ISL,Iceland,4,1,0,0,RO-01437ISL,0,NA
RO-01437,SWE,Sweden,10,1,0,0,RO-01437SWE,0,NA
RO-01438,DEU,Germany,19,2,0,0,RO-01438DEU,0,NA
RO-01438,NLD,Netherlands,0,0,0,0,RO-01438NLD,0,NA
RO-01439,DEU,Germany,75,1,0,0,RO-01439DEU,0,NA
RO-01441,DEU,Germany,18,1,0,2,RO-01441DEU,0,NA
RO-01441,GRC,Greece,0,0,0,0,RO-01441GRC,0,NA
RO-01442,FRA,France,33,1,0,0,RO-01442FRA,0,NA
RO-01443,DEU,Germany,31,1,0,0,RO-01443DEU,0,NA
RO-01444,DEU,Germany,71,1,0,0,RO-01444DEU,0,NA
RO-01446,DEU,Germany,43,1,0,0,RO-01446DEU,0,NA
RO-01448,AUT,Austria,36,1,0,0,RO-01448AUT,1,NA
RO-01448,GRC,Greece,29,1,0,0,RO-01448GRC,1,NA
RO-01454,DEU,Germany,42,1,0,0,RO-01454DEU,0,NA
RO-01454,NLD,Netherlands,2,1,0,0,RO-01454NLD,0,NA
RO-01456,ITA,Italy,52,2,0,0,RO-01456ITA,0,NA
RO-01457,DEU,Germany,42,1,0,0,RO-01457DEU,0,NA
RO-01458,DEU,Germany,18,1,0,2,RO-01458DEU,0,NA
RO-01458,ESP,Spain,0,0,0,0,RO-01458ESP,0,NA
RO-01458,ITA,Italy,0,0,0,0,RO-01458ITA,0,NA
RO-01460,DEU,Germany,48,1,0,0,RO-01460DEU,0,NA
RO-01460,ITA,Italy,12,2,0,0,RO-01460ITA,0,NA
RO-01460,NLD,Netherlands,3,1,0,0,RO-01460NLD,0,NA
RO-01460,SWE,Sweden,4,1,0,0,RO-01460SWE,0,NA
RO-01461,ITA,Italy,49,1,0,0,RO-01461ITA,0,NA
RO-01462,FRA,France,46,1,0,0,RO-01462FRA,0,NA
RO-01463,SVN,Slovenia,2,1,0,0,RO-01463SVN,0,NA
RO-01464,FIN,Finland,11,1,0,0,RO-01464FIN,0,NA
RO-01465,FRA,France,32,1,0,0,RO-01465FRA,0,NA
RO-01466,DEU,Germany,57,1,0,0,RO-01466DEU,0,NA
RO-01466,NLD,Netherlands,3,1,0,0,RO-01466NLD,0,NA
RO-01467,ITA,Italy,49,2,0,0,RO-01467ITA,0,NA
RO-01468,ITA,Italy,90,2,0,0,RO-01468ITA,0,NA
RO-01469,DEU,Germany,46,1,0,0,RO-01469DEU,0,NA
RO-01470,FRA,France,38,1,0,1,RO-01470FRA,0,NA
RO-01471,FRA,France,39,1,0,0,RO-01471FRA,0,NA
RO-01472,ITA,Italy,43,2,0,0,RO-01472ITA,0,NA
RO-01474,ITA,Italy,48,2,0,0,RO-01474ITA,0,NA
RO-01475,ITA,Italy,45,2,0,0,RO-01475ITA,0,NA
RO-01478,DEU,Germany,45,1,0,0,RO-01478DEU,0,NA
RO-01479,DEU,Germany,78,1,0,0,RO-01479DEU,0,NA
RO-01479,SWE,Sweden,9,1,0,0,RO-01479SWE,0,NA
RO-01480,ITA,Italy,91,2,0,0,RO-01480ITA,0,NA
RO-01481,FIN,Finland,10,1,0,0,RO-01481FIN,0,NA
RO-01482,FIN,Finland,9,1,0,0,RO-01482FIN,0,NA
RO-01484,ITA,Italy,88,3,0,0,RO-01484ITA,0,NA
RO-01485,FRA,France,40,1,0,0,RO-01485FRA,0,NA
RO-01486,FRA,France,43,1,0,0,RO-01486FRA,0,NA
RO-01487,FRA,France,39,1,0,0,RO-01487FRA,0,NA
RO-01489,ITA,Italy,94,2,0,0,RO-01489ITA,0,NA
RO-01490,ITA,Italy,88,2,0,0,RO-01490ITA,0,NA
RO-01491,DEU,Germany,65,1,0,0,RO-01491DEU,0,NA
RO-01492,FRA,France,34,1,0,0,RO-01492FRA,0,NA
RO-01493,FRA,France,42,1,0,0,RO-01493FRA,0,NA
RO-01494,ITA,Italy,91,2,0,0,RO-01494ITA,0,NA
RO-01495,ITA,Italy,87,2,0,0,RO-01495ITA,0,NA
RO-01496,DEU,Germany,18,1,0,1,RO-01496DEU,0,NA
RO-01497,DEU,Germany,40,1,0,0,RO-01497DEU,2,1
RO-01497,ISL,Iceland,8,1,0,0,RO-01497ISL,1,NA
RO-01498,DEU,Germany,68,1,0,0,RO-01498DEU,0,NA
RO-01508,DEU,Germany,74,1,0,0,RO-01508DEU,0,NA
RO-01509,DEU,Germany,91,1,0,0,RO-01509DEU,0,NA
RO-01510,FRA,France,42,1,0,3,RO-01510FRA,0,NA
RO-01511,DEU,Germany,85,1,0,0,RO-01511DEU,0,NA
RO-01512,FRA,France,46,1,0,0,RO-01512FRA,0,NA
RO-01513,FRA,France,46,1,0,3,RO-01513FRA,0,NA
RO-01514,FRA,France,46,1,0,3,RO-01514FRA,0,NA
RO-01515,ITA,Italy,83,2,0,0,RO-01515ITA,0,NA
RO-01516,AUT,Austria,27,1,0,1,RO-01516AUT,1,NA
RO-01516,GRC,Greece,54,1,0,0,RO-01516GRC,1,NA
RO-01517,ITA,Italy,55,1,0,0,RO-01517ITA,0,NA
RO-01518,ITA,Italy,66,1,0,0,RO-01518ITA,0,NA
RO-01519,ITA,Italy,88,2,0,0,RO-01519ITA,0,NA
RO-01520,ITA,Italy,91,2,0,0,RO-01520ITA,0,NA
RO-01521,DEU,Germany,66,1,0,0,RO-01521DEU,0,NA
RO-01522,ITA,Italy,89,3,0,0,RO-01522ITA,0,NA
RO-01523,DEU,Germany,55,1,0,0,RO-01523DEU,0,NA
RO-01524,FRA,France,45,1,0,3,RO-01524FRA,0,NA
RO-01525,DEU,Germany,46,1,0,0,RO-01525DEU,0,NA
RO-01525,ISL,Iceland,2,1,0,0,RO-01525ISL,0,NA
RO-01525,MLT,Malta,4,1,0,0,RO-01525MLT,0,NA
RO-01526,AUT,Austria,32,1,0,0,RO-01526AUT,1,NA
RO-01526,DEU,Germany,26,1,0,0,RO-01526DEU,0,NA
RO-01526,FRA,France,0,9,0,0,RO-01526FRA,0,NA
RO-01527,DEU,Germany,92,1,0,0,RO-01527DEU,0,NA
RO-01527,NOR,Norway,2,1,0,0,RO-01527NOR,0,NA
RO-01528,FRA,France,45,1,0,3,RO-01528FRA,0,NA
RO-01529,DEU,Germany,66,1,0,0,RO-01529DEU,0,NA
RO-01530,DEU,Germany,18,1,0,2,RO-01530DEU,0,NA
RO-01530,ITA,Italy,0,0,0,0,RO-01530ITA,0,NA
RO-01532,FRA,France,47,1,0,3,RO-01532FRA,0,NA
RO-01533,DEU,Germany,50,1,0,0,RO-01533DEU,0,NA
RO-01535,DEU,Germany,18,2,0,1,RO-01535DEU,0,NA
RO-01535,FRA,France,0,0,0,0,RO-01535FRA,0,NA
RO-01535,ITA,Italy,0,0,0,0,RO-01535ITA,0,NA
RO-01536,DEU,Germany,58,1,0,0,RO-01536DEU,0,NA
RO-01537,FRA,France,47,1,0,3,RO-01537FRA,0,NA
RO-01542,DEU,Germany,54,1,0,0,RO-01542DEU,0,NA
RO-01543,DEU,Germany,48,1,0,0,RO-01543DEU,0,NA
RO-01544,ITA,Italy,54,3,0,0,RO-01544ITA,1,NA
RO-01545,AUT,Austria,50,1,0,0,RO-01545AUT,1,NA
RO-01546,ITA,Italy,91,2,0,0,RO-01546ITA,0,NA
RO-01547,AUT,Austria,61,1,0,0,RO-01547AUT,1,NA
RO-01547,BGR,Bulgaria,2,1,0,0,RO-01547BGR,0,NA
RO-01547,DEU,Germany,26,1,0,0,RO-01547DEU,0,NA
RO-01547,HUN,Hungary,4,1,0,0,RO-01547HUN,0,NA
RO-01547,ROU,Romania,2,1,0,0,RO-01547ROU,0,NA
RO-01547,SWE,Sweden,2,1,0,0,RO-01547SWE,0,NA
RO-01548,DEU,Germany,54,1,0,0,RO-01548DEU,0,NA
RO-01549,ESP,Spain,4,1,0,0,RO-01549ESP,0,NA
RO-01549,FRA,France,58,1,0,0,RO-01549FRA,0,NA
RO-01551,ITA,Italy,86,1,0,0,RO-01551ITA,0,NA
RO-01552,DEU,Germany,58,1,0,0,RO-01552DEU,0,1
RO-01552,FRA,France,9,1,0,0,RO-01552FRA,0,NA
RO-01553,ITA,Italy,96,2,0,0,RO-01553ITA,0,NA
RO-01555,ITA,Italy,96,2,0,0,RO-01555ITA,0,NA
RO-01556,DEU,Germany,44,1,0,0,RO-01556DEU,0,1
RO-01557,ITA,Italy,96,2,0,0,RO-01557ITA,0,NA
RO-01558,DEU,Germany,60,1,0,0,RO-01558DEU,0,NA
RO-01558,ISL,Iceland,8,1,0,0,RO-01558ISL,1,NA
RO-01559,ITA,Italy,0,97,0,0,RO-01559ITA,0,NA
RO-01560,ITA,Italy,90,1,0,0,RO-01560ITA,0,NA
RO-01561,DEU,Germany,31,1,0,0,RO-01561DEU,0,NA
RO-01561,ROU,Romania,2,1,0,0,RO-01561ROU,0,NA
RO-01562,DEU,Germany,92,1,0,0,RO-01562DEU,0,1
RO-01563,DEU,Germany,53,1,0,0,RO-01563DEU,0,NA
RO-01564,ITA,Italy,95,2,0,0,RO-01564ITA,0,NA
RO-01565,ITA,Italy,89,3,0,0,RO-01565ITA,0,NA
RO-01566,FIN,Finland,11,1,0,0,RO-01566FIN,1,NA
RO-01568,ITA,Italy,106,2,0,0,RO-01568ITA,0,NA
RO-01570,DEU,Germany,42,1,0,0,RO-01570DEU,0,NA
RO-01570,ITA,Italy,12,2,0,0,RO-01570ITA,0,NA
RO-01571,ITA,Italy,91,2,0,0,RO-01571ITA,0,NA
RO-01572,ITA,Italy,83,2,0,0,RO-01572ITA,0,NA
RO-01573,CZE,Czech Republic,24,1,0,0,RO-01573CZE,0,NA
RO-01573,NLD,Netherlands,4,1,0,0,RO-01573NLD,0,NA
RO-01573,POL,Poland,42,3,0,0,RO-01573POL,1,NA
RO-01574,DEU,Germany,75,1,0,0,RO-01574DEU,0,NA
RO-01575,BGR,Bulgaria,2,1,0,0,RO-01575BGR,0,NA
RO-01575,DEU,Germany,74,1,0,0,RO-01575DEU,0,NA
RO-01576,ITA,Italy,95,3,0,0,RO-01576ITA,0,NA
RO-01577,ESP,Spain,44,1,0,0,RO-01577ESP,0,NA
RO-01578,ITA,Italy,100,2,0,0,RO-01578ITA,0,NA
RO-01580,FRA,France,47,1,0,3,RO-01580FRA,0,NA
RO-01582,BEL,Belgium,0,0,0,0,RO-01582BEL,0,NA
RO-01582,FRA,France,47,1,0,5,RO-01582FRA,0,NA
RO-01582,NLD,Netherlands,0,0,0,0,RO-01582NLD,0,NA
RO-01583,DEU,Germany,89,1,0,0,RO-01583DEU,0,NA
RO-01584,DEU,Germany,66,1,0,0,RO-01584DEU,0,NA
RO-01585,DEU,Germany,19,2,0,0,RO-01585DEU,0,NA
RO-01585,ITA,Italy,0,0,0,0,RO-01585ITA,0,NA
RO-01586,DEU,Germany,66,1,0,0,RO-01586DEU,0,NA
RO-01587,FRA,France,48,1,0,3,RO-01587FRA,0,NA
RO-01588,FRA,France,48,1,0,3,RO-01588FRA,0,NA
RO-01589,FRA,France,48,1,0,3,RO-01589FRA,0,NA
RO-01590,DEU,Germany,48,1,0,0,RO-01590DEU,0,1
RO-01591,AUT,Austria,42,1,0,0,RO-01591AUT,1,NA
RO-01591,DEU,Germany,89,1,0,0,RO-01591DEU,0,NA
RO-01591,POL,Poland,3,1,0,0,RO-01591POL,0,NA
RO-01591,SVK,Slovakia,5,1,0,0,RO-01591SVK,1,NA
RO-01592,AUT,Austria,23,1,0,0,RO-01592AUT,1,NA
RO-01592,BGR,Bulgaria,2,1,0,0,RO-01592BGR,0,NA
RO-01592,SWE,Sweden,0,0,0,0,RO-01592SWE,0,NA
RO-01593,ESP,Spain,63,1,0,0,RO-01593ESP,2,NA
RO-01594,DEU,Germany,52,1,0,0,RO-01594DEU,0,NA
RO-01595,DEU,Germany,87,1,0,0,RO-01595DEU,0,NA
RO-01596,DEU,Germany,12,1,0,0,RO-01596DEU,0,NA
RO-01597,DEU,Germany,106,1,0,0,RO-01597DEU,0,NA
RO-01598,ITA,Italy,105,1,0,0,RO-01598ITA,0,NA
RO-01599,NLD,Netherlands,38,1,0,0,RO-01599NLD,2,NA
RO-01600,DEU,Germany,37,1,0,0,RO-01600DEU,0,NA
RO-01601,ESP,Spain,124,1,0,0,RO-01601ESP,2,NA
RO-01602,ITA,Italy,94,1,0,0,RO-01602ITA,0,NA
RO-01603,ROU,Romania,47,1,0,0,RO-01603ROU,1,NA
RO-01622,ITA,Italy,95,2,0,0,RO-01622ITA,0,NA
RO-01623,ITA,Italy,102,1,0,0,RO-01623ITA,0,NA
RO-01624,FRA,France,33,1,0,0,RO-01624FRA,0,NA
RO-01629,ITA,Italy,77,2,0,0,RO-01629ITA,1,NA
RO-01630,ITA,Italy,79,2,0,0,RO-01630ITA,0,NA
RO-01631,ITA,Italy,68,2,0,0,RO-01631ITA,0,NA
RO-01633,ITA,Italy,48,2,0,0,RO-01633ITA,0,NA
RO-01634,ITA,Italy,56,2,0,0,RO-01634ITA,0,NA
