ROID,MSNAME,DEST,N_RETURNEES,DATE,OPTYPE
RO-00853,Austria,Afghanistan,20,12/03/2019,JRO
RO-00853,Greece,Afghanistan,3,12/03/2019,JRO
RO-00853,Hungary,Afghanistan,2,12/03/2019,JRO
RO-00853,Sweden,Afghanistan,25,12/03/2019,JRO
RO-00855,Austria,Afghanistan,18,11/06/2019,JRO
RO-00855,Sweden,Afghanistan,25,11/06/2019,JRO
RO-00857,Austria,Nigeria,19,30/01/2019,JRO
RO-00857,Austria,Gambia,0,30/01/2019,JRO
RO-00857,Germany,Nigeria,10,30/01/2019,JRO
RO-00857,Germany,Gambia,1,30/01/2019,JRO
RO-00857,Italy,Gambia,7,30/01/2019,JRO
RO-00857,Norway,Nigeria,1,30/01/2019,JRO
RO-00857,Sweden,Nigeria,4,30/01/2019,JRO
RO-00857,Sweden,Gambia,1,30/01/2019,JRO
RO-00857,Switzerland,Nigeria,2,30/01/2019,JRO
RO-00858,Austria,Nigeria,27,27/02/2019,JRO
RO-00858,Austria,Gambia,2,27/02/2019,JRO
RO-00858,France,Nigeria,3,27/02/2019,JRO
RO-00858,Germany,Nigeria,21,27/02/2019,JRO
RO-00858,Sweden,Nigeria,1,27/02/2019,JRO
RO-00858,Sweden,Gambia,1,27/02/2019,JRO
RO-00858,Switzerland,Nigeria,3,27/02/2019,JRO
RO-00859,Austria,Nigeria,15,10/04/2019,JRO
RO-00859,France,Nigeria,3,10/04/2019,JRO
RO-00859,Germany,Nigeria,12,10/04/2019,JRO
RO-00859,Hungary,Nigeria,1,10/04/2019,JRO
RO-00859,Sweden,Nigeria,2,10/04/2019,JRO
RO-00860,Austria,Armenia,3,15/03/2019,JRO
RO-00860,Austria,Georgia,16,15/03/2019,JRO
RO-00860,Germany,Armenia,6,15/03/2019,JRO
RO-00868,Germany,Afghanistan,35,07/01/2019,JRO
RO-00869,Germany,Afghanistan,38,18/02/2019,JRO
RO-00870,Germany,Afghanistan,21,19/03/2019,JRO
RO-00871,Austria,Kosovo,8,22/01/2019,NRO
RO-00871,Austria,North Macedonia,3,22/01/2019,NRO
RO-00871,Austria,Serbia,5,22/01/2019,NRO
RO-00874,Austria,Georgia,7,15/01/2019,JRO
RO-00874,Austria,Uzbekistan,6,15/01/2019,JRO
RO-00874,Ireland,Georgia,8,15/01/2019,JRO
RO-00875,Austria,Russia,3,14/02/2019,JRO
RO-00875,Germany,Russia,4,14/02/2019,JRO
RO-00879,Germany,Pakistan,27,22/01/2019,JRO
RO-00882,France,Georgia,5,24/01/2019,CRO
RO-00882,Germany,Georgia,55,24/01/2019,CRO
RO-00882,Sweden,Georgia,1,24/01/2019,CRO
RO-00883,France,Georgia,2,21/02/2019,CRO
RO-00883,Germany,Georgia,72,21/02/2019,CRO
RO-00883,Luxembourg,Georgia,4,21/02/2019,CRO
RO-00884,France,Georgia,4,26/03/2019,CRO
RO-00884,Germany,Georgia,74,26/03/2019,CRO
RO-00885,Germany,Montenegro,34,29/01/2019,CRO
RO-00886,Germany,Tunisia,18,16/01/2019,JRO
RO-00887,Germany,Georgia,62,17/01/2019,CRO
RO-00887,Switzerland,Georgia,3,17/01/2019,CRO
RO-00888,Germany,Kosovo,17,15/01/2019,JRO
RO-00888,Germany,Albania,49,15/01/2019,JRO
RO-00889,Germany,North Macedonia,64,29/01/2019,NRO
RO-00889,Germany,Serbia,56,29/01/2019,NRO
RO-00891,Germany,Armenia,40,03/01/2019,NRO
RO-00892,Germany,Serbia,18,14/01/2019,JRO
RO-00892,Germany,Moldova,14,14/01/2019,JRO
RO-00894,Austria,Pakistan,8,05/02/2019,JRO
RO-00894,Germany,Pakistan,6,05/02/2019,JRO
RO-00896,Germany,CÃ´te d'Ivoire,2,04/01/2019,JRO
RO-00896,Germany,Ghana,0,04/01/2019,JRO
RO-00898,Spain,Nigeria,2,08/01/2019,JRO
RO-00898,The Netherlands,Nigeria,0,08/01/2019,JRO
RO-00901,Germany,Bangladesh,27,22/01/2019,JRO
RO-00902,Belgium,Albania,3,15/01/2019,CRO
RO-00902,France,Albania,30,15/01/2019,CRO
RO-00904,Belgium,Albania,3,22/01/2019,CRO
RO-00904,France,Albania,21,22/01/2019,CRO
RO-00905,Belgium,Albania,5,29/01/2019,CRO
RO-00905,France,Albania,22,29/01/2019,CRO
RO-00907,Germany,Gambia,15,29/01/2019,JRO
RO-00910,Germany,Kosovo,24,05/02/2019,NRO
RO-00910,Germany,Albania,31,05/02/2019,NRO
RO-00914,Germany,Sudan,1,06/03/2019,JRO
RO-00914,Switzerland,Angola,2,06/03/2019,JRO
RO-00914,Switzerland,Sudan,5,06/03/2019,JRO
RO-00915,Greece,Pakistan,5,13/03/2019,JRO
RO-00915,Sweden,Pakistan,2,13/03/2019,JRO
RO-00916,Greece,Pakistan,17,23/07/2019,JRO
RO-00916,Sweden,Pakistan,2,23/07/2019,JRO
RO-00918,Germany,Tunisia,17,06/02/2019,NRO
RO-00920,Germany,Kosovo,23,12/02/2019,JRO
RO-00920,Germany,Albania,58,12/02/2019,JRO
RO-00923,Italy,Tunisia,32,03/01/2019,NRO
RO-00925,Italy,Tunisia,32,10/01/2019,NRO
RO-00926,Germany,Moldova,49,26/02/2019,NRO
RO-00926,Germany,Bosnia and Herzegovina,29,26/02/2019,NRO
RO-00927,Germany,Gambia,20,25/02/2019,JRO
RO-00928,Belgium,Albania,5,05/02/2019,CRO
RO-00928,France,Albania,28,05/02/2019,CRO
RO-00929,Belgium,Albania,5,12/02/2019,CRO
RO-00929,France,Albania,21,12/02/2019,CRO
RO-00930,Belgium,Albania,5,19/02/2019,CRO
RO-00930,France,Albania,21,19/02/2019,CRO
RO-00931,Spain,Georgia,12,07/02/2019,NRO
RO-00931,Spain,Albania,27,07/02/2019,NRO
RO-00932,Belgium,Albania,5,26/02/2019,CRO
RO-00932,France,Albania,29,26/02/2019,CRO
RO-00933,Finland,Colombia,5,27/02/2019,JRO
RO-00933,Spain,Colombia,56,27/02/2019,JRO
RO-00933,Spain,Dominican Republic,9,27/02/2019,JRO
RO-00934,Italy,Tunisia,16,17/01/2019,NRO
RO-00935,Germany,North Macedonia,23,07/03/2019,JRO
RO-00935,Germany,Serbia,39,07/03/2019,JRO
RO-00936,Germany,Kosovo,25,14/03/2019,NRO
RO-00936,Germany,Albania,31,14/03/2019,NRO
RO-00937,Italy,Nigeria,34,09/02/2019,NRO
RO-00939,Germany,Pakistan,30,28/03/2019,JRO
RO-00941,Italy,Egypt,22,22/01/2019,NRO
RO-00942,Germany,Turkey,4,28/02/2019,JRO
RO-00943,Finland,Iraq,4,14/02/2019,NRO
RO-00944,Italy,Tunisia,9,24/01/2019,NRO
RO-00945,Germany,Russia,56,05/03/2019,JRO
RO-00946,Germany,Kosovo,29,26/03/2019,JRO
RO-00946,Germany,Moldova,56,26/03/2019,JRO
RO-00947,Germany,Serbia,37,07/05/2019,CRO
RO-00949,Germany,Serbia,49,25/06/2019,CRO
RO-00950,Germany,Serbia,60,24/09/2019,CRO
RO-00951,Italy,Tunisia,16,28/01/2019,NRO
RO-00952,Germany,Kosovo,17,11/04/2019,JRO
RO-00952,Germany,Albania,84,11/04/2019,JRO
RO-00953,Germany,North Macedonia,75,30/04/2019,JRO
RO-00953,Germany,Serbia,72,30/04/2019,JRO
RO-00954,Belgium,Albania,5,07/03/2019,CRO
RO-00954,France,Albania,26,07/03/2019,CRO
RO-00955,Belgium,Albania,5,19/03/2019,CRO
RO-00955,France,Albania,22,19/03/2019,CRO
RO-00956,Belgium,Albania,5,12/03/2019,CRO
RO-00956,France,Albania,21,12/03/2019,CRO
RO-00957,Germany,Ghana,15,27/02/2019,NRO
RO-00958,Belgium,Albania,5,26/03/2019,CRO
RO-00958,France,Albania,30,26/03/2019,CRO
RO-00959,Germany,Lebanon,5,09/04/2019,JRO
RO-00960,Germany,Turkey,3,14/03/2019,JRO
RO-00961,Germany,Tunisia,21,13/03/2019,JRO
RO-00962,Italy,Tunisia,15,11/02/2019,NRO
RO-00963,Germany,Russia,35,15/05/2019,NRO
RO-00964,Germany,Albania,20,05/04/2019,JRO
RO-00965,Denmark,Nigeria,2,06/05/2019,JRO
RO-00965,Germany,Nigeria,24,06/05/2019,JRO
RO-00965,Germany,Ghana,5,06/05/2019,JRO
RO-00966,Germany,Georgia,55,22/05/2019,CRO
RO-00966,Iceland,Georgia,4,22/05/2019,CRO
RO-00966,Sweden,Georgia,1,22/05/2019,CRO
RO-00967,Germany,Bangladesh,27,28/03/2019,JRO
RO-00970,Austria,Nigeria,35,26/06/2019,JRO
RO-00970,Bulgaria,Nigeria,2,26/06/2019,JRO
RO-00970,Germany,Nigeria,10,26/06/2019,JRO
RO-00970,Hungary,Nigeria,3,26/06/2019,JRO
RO-00970,Switzerland,Nigeria,4,26/06/2019,JRO
RO-00971,Austria,Nigeria,27,28/08/2019,JRO
RO-00971,Germany,Nigeria,16,28/08/2019,JRO
RO-00971,Hungary,Nigeria,1,28/08/2019,JRO
RO-00971,Switzerland,Nigeria,3,28/08/2019,JRO
RO-00973,Austria,Nigeria,5,24/07/2019,JRO
RO-00973,Germany,Nigeria,13,24/07/2019,JRO
RO-00973,Sweden,Nigeria,1,24/07/2019,JRO
RO-00974,Austria,Nigeria,16,15/05/2019,JRO
RO-00974,Bulgaria,Nigeria,2,15/05/2019,JRO
RO-00974,Czech Republic,Nigeria,3,15/05/2019,JRO
RO-00974,Finland,Nigeria,2,15/05/2019,JRO
RO-00974,Germany,Nigeria,17,15/05/2019,JRO
RO-00974,Luxembourg,Nigeria,1,15/05/2019,JRO
RO-00974,Romania,Nigeria,2,15/05/2019,JRO
RO-00975,Belgium,Albania,5,02/04/2019,CRO
RO-00975,France,Albania,22,02/04/2019,CRO
RO-00976,Belgium,Albania,5,09/04/2019,CRO
RO-00976,France,Albania,38,09/04/2019,CRO
RO-00977,Belgium,Albania,5,16/04/2019,CRO
RO-00977,Finland,Albania,5,16/04/2019,CRO
RO-00977,France,Albania,29,16/04/2019,CRO
RO-00978,Belgium,Albania,5,24/04/2019,CRO
RO-00978,France,Albania,24,24/04/2019,CRO
RO-00978,The Netherlands,Albania,7,24/04/2019,CRO
RO-00980,Germany,Azerbaijan,53,09/04/2019,JRO
RO-00982,Austria,Pakistan,6,16/04/2019,JRO
RO-00982,Germany,Pakistan,33,16/04/2019,JRO
RO-00982,Hungary,Pakistan,1,16/04/2019,JRO
RO-00982,Poland,Pakistan,1,16/04/2019,JRO
RO-00982,Slovenia,Pakistan,1,16/04/2019,JRO
RO-00982,Sweden,Pakistan,2,16/04/2019,JRO
RO-00983,Austria,Kosovo,4,19/03/2019,JRO
RO-00983,Austria,North Macedonia,8,19/03/2019,JRO
RO-00983,Austria,Serbia,5,19/03/2019,JRO
RO-00983,Slovenia,Kosovo,1,19/03/2019,JRO
RO-00984,Italy,Tunisia,15,18/02/2019,NRO
RO-00985,Italy,Nigeria,17,19/02/2019,NRO
RO-00986,Austria,Russia,9,03/04/2019,NRO
RO-00987,Germany,Tunisia,19,10/04/2019,JRO
RO-00988,Austria,Guinea,1,26/03/2019,JRO
RO-00988,Belgium,Congo DR,3,26/03/2019,JRO
RO-00988,Belgium,Guinea,4,26/03/2019,JRO
RO-00988,Germany,Congo DR,1,26/03/2019,JRO
RO-00988,Hungary,Congo DR,1,26/03/2019,JRO
RO-00988,Switzerland,Congo DR,2,26/03/2019,JRO
RO-00988,The Netherlands,Guinea,2,26/03/2019,JRO
RO-00989,France,Georgia,6,25/07/2019,CRO
RO-00989,Germany,Georgia,46,25/07/2019,CRO
RO-00990,Germany,Benin,2,14/03/2019,NRO
RO-00991,Italy,Tunisia,16,04/03/2019,NRO
RO-00993,Italy,Nigeria,34,30/03/2019,JRO
RO-00994,Spain,Colombia,49,08/05/2019,NRO
RO-00994,Spain,Ecuador,13,08/05/2019,NRO
RO-00996,Spain,Georgia,14,28/03/2019,NRO
RO-00996,Spain,Albania,32,28/03/2019,NRO
RO-00997,Italy,Tunisia,11,14/03/2019,NRO
RO-00998,Italy,Egypt,26,15/03/2019,NRO
RO-00999,Germany,Ghana,20,02/04/2019,NRO
RO-01000,Germany,Albania,48,18/04/2019,JRO
RO-01000,Germany,Moldova,51,18/04/2019,JRO
RO-01001,Austria,Pakistan,7,13/06/2019,JRO
RO-01001,Germany,Pakistan,34,13/06/2019,JRO
RO-01001,Ireland,Pakistan,16,13/06/2019,JRO
RO-01002,France,Pakistan,3,25/06/2019,JRO
RO-01002,Germany,Pakistan,35,25/06/2019,JRO
RO-01002,Italy,Pakistan,4,25/06/2019,JRO
RO-01002,Switzerland,Pakistan,2,25/06/2019,JRO
RO-01003,Germany,North Macedonia,21,29/05/2019,JRO
RO-01003,Germany,Serbia,48,29/05/2019,JRO
RO-01004,Germany,Tunisia,18,08/05/2019,JRO
RO-01005,Germany,Moldova,26,28/05/2019,JRO
RO-01005,Germany,Bosnia and Herzegovina,25,28/05/2019,JRO
RO-01006,Austria,Armenia,9,27/05/2019,JRO
RO-01006,Austria,Mongolia,6,27/05/2019,JRO
RO-01006,Switzerland,Armenia,4,27/05/2019,JRO
RO-01006,Switzerland,Mongolia,1,27/05/2019,JRO
RO-01007,France,Albania,15,29/03/2019,NRO
RO-01008,France,Georgia,21,26/04/2019,JRO
RO-01009,France,Georgia,5,04/06/2019,CRO
RO-01009,Germany,Georgia,45,04/06/2019,CRO
RO-01010,Italy,Tunisia,30,01/04/2019,NRO
RO-01011,Austria,Afghanistan,23,07/05/2019,JRO
RO-01011,Bulgaria,Afghanistan,4,07/05/2019,JRO
RO-01011,Hungary,Afghanistan,1,07/05/2019,JRO
RO-01011,Sweden,Afghanistan,10,07/05/2019,JRO
RO-01012,Germany,Russia,71,06/06/2019,JRO
RO-01013,Germany,Armenia,53,16/05/2019,JRO
RO-01014,Germany,Turkey,3,16/05/2019,JRO
RO-01015,Austria,Georgia,8,23/05/2019,JRO
RO-01015,Austria,Uzbekistan,7,23/05/2019,JRO
RO-01015,Germany,Georgia,31,23/05/2019,JRO
RO-01016,Italy,Tunisia,21,08/04/2019,NRO
RO-01017,Belgium,Albania,5,07/05/2019,CRO
RO-01017,France,Albania,18,07/05/2019,CRO
RO-01018,France,Albania,18,14/05/2019,CRO
RO-01019,Belgium,Albania,5,21/05/2019,CRO
RO-01019,France,Albania,24,21/05/2019,CRO
RO-01020,Belgium,Albania,5,28/05/2019,CRO
RO-01020,France,Albania,18,28/05/2019,CRO
RO-01021,Italy,Nigeria,35,18/04/2019,NRO
RO-01022,Spain,Georgia,18,23/05/2019,NRO
RO-01022,Spain,Albania,12,23/05/2019,NRO
RO-01024,Germany,Afghanistan,32,24/04/2019,JRO
RO-01025,Spain,Georgia,22,25/04/2019,NRO
RO-01025,Spain,Albania,9,25/04/2019,NRO
RO-01026,Germany,Nigeria,25,20/05/2019,JRO
RO-01026,Greece,Nigeria,1,20/05/2019,JRO
RO-01027,Germany,Egypt,13,11/06/2019,NRO
RO-01028,Germany,Ukraine,36,15/05/2019,NRO
RO-01029,Finland,Albania,4,03/06/2019,JRO
RO-01029,Germany,Kosovo,25,03/06/2019,JRO
RO-01029,Germany,Albania,72,03/06/2019,JRO
RO-01030,Italy,Tunisia,18,18/04/2019,NRO
RO-01031,Germany,Nigeria,23,06/06/2019,JRO
RO-01031,Poland,Nigeria,1,06/06/2019,JRO
RO-01032,Germany,North Macedonia,60,27/06/2019,NRO
RO-01035,Germany,Serbia,32,27/06/2019,JRO
RO-01035,Germany,Moldova,10,27/06/2019,JRO
RO-01036,Germany,Pakistan,27,22/07/2019,JRO
RO-01037,France,Georgia,5,22/10/2019,CRO
RO-01037,Germany,Georgia,44,22/10/2019,CRO
RO-01038,Germany,Georgia,47,05/12/2019,CRO
RO-01038,Italy,Georgia,5,05/12/2019,CRO
RO-01038,Sweden,Georgia,4,05/12/2019,CRO
RO-01039,Germany,Tunisia,21,05/06/2019,NRO
RO-01040,Finland,Turkey,1,09/05/2019,NRO
RO-01041,Germany,Armenia,60,05/09/2019,JRO
RO-01042,Sweden,Afghanistan,20,18/06/2019,NRO
RO-01043,Germany,Afghanistan,24,21/05/2019,JRO
RO-01044,Austria,Russia,11,28/05/2019,NRO
RO-01045,Austria,Kosovo,2,06/06/2019,NRO
RO-01045,Austria,North Macedonia,8,06/06/2019,NRO
RO-01045,Austria,Serbia,2,06/06/2019,NRO
RO-01046,Belgium,Albania,4,30/04/2019,CRO
RO-01046,France,Albania,29,30/04/2019,CRO
RO-01047,Germany,Kosovo,39,02/07/2019,JRO
RO-01047,Germany,Albania,51,02/07/2019,JRO
RO-01048,Austria,Afghanistan,12,01/10/2019,JRO
RO-01048,Bulgaria,Afghanistan,4,01/10/2019,JRO
RO-01048,Sweden,Afghanistan,25,01/10/2019,JRO
RO-01049,Austria,Afghanistan,15,13/11/2019,JRO
RO-01049,Sweden,Afghanistan,29,13/11/2019,JRO
RO-01050,Bulgaria,Afghanistan,2,27/11/2019,JRO
RO-01050,Sweden,Afghanistan,27,27/11/2019,JRO
RO-01053,Germany,Somalia,3,12/06/2019,JRO
RO-01054,Finland,Ethiopia,4,03/06/2019,JRO
RO-01054,Norway,Ethiopia,3,03/06/2019,JRO
RO-01054,Sweden,Ethiopia,8,03/06/2019,JRO
RO-01055,Italy,Tunisia,35,09/05/2019,NRO
RO-01056,Sweden,Afghanistan,50,11/09/2019,NRO
RO-01057,France,Albania,15,16/05/2019,NRO
RO-01058,Italy,Tunisia,28,16/05/2019,NRO
RO-01059,Austria,Afghanistan,17,28/05/2019,JRO
RO-01059,Bulgaria,Afghanistan,2,28/05/2019,JRO
RO-01059,Sweden,Afghanistan,25,28/05/2019,JRO
RO-01060,Austria,Armenia,5,04/07/2019,JRO
RO-01060,Austria,Georgia,6,04/07/2019,JRO
RO-01060,Germany,Georgia,27,04/07/2019,JRO
RO-01061,Germany,Tunisia,23,03/07/2019,JRO
RO-01063,Germany,Nigeria,12,11/06/2019,JRO
RO-01065,Germany,Guinea,9,12/06/2019,JRO
RO-01066,Germany,Pakistan,39,24/09/2019,JRO
RO-01066,Poland,Pakistan,1,24/09/2019,JRO
RO-01067,Austria,Pakistan,4,21/11/2019,JRO
RO-01067,Finland,Pakistan,4,21/11/2019,JRO
RO-01067,Germany,Pakistan,27,21/11/2019,JRO
RO-01068,Germany,Pakistan,32,17/12/2019,JRO
RO-01068,Italy,Pakistan,5,17/12/2019,JRO
RO-01069,Belgium,Albania,3,04/06/2019,CRO
RO-01069,France,Albania,21,04/06/2019,CRO
RO-01070,Belgium,Albania,5,18/06/2019,CRO
RO-01070,France,Albania,34,18/06/2019,CRO
RO-01071,Belgium,Albania,5,25/06/2019,CRO
RO-01071,France,Albania,27,25/06/2019,CRO
RO-01072,France,Georgia,13,28/06/2019,CRO
RO-01073,Germany,Kosovo,33,11/07/2019,JRO
RO-01073,Germany,Albania,42,11/07/2019,JRO
RO-01074,France,Albania,45,12/06/2019,CRO
RO-01075,Germany,Serbia,29,23/07/2019,CRO
RO-01076,Germany,Kosovo,14,13/08/2019,JRO
RO-01076,Germany,Albania,25,13/08/2019,JRO
RO-01077,Germany,Tunisia,21,28/08/2019,JRO
RO-01078,Italy,Egypt,18,24/05/2019,NRO
RO-01079,Germany,North Macedonia,28,26/09/2019,NRO
RO-01080,Germany,Afghanistan,11,17/06/2019,JRO
RO-01081,Italy,Tunisia,26,27/05/2019,NRO
RO-01083,Italy,Tunisia,15,30/05/2019,NRO
RO-01087,Germany,Kosovo,36,10/09/2019,JRO
RO-01087,Germany,Albania,60,10/09/2019,JRO
RO-01088,Germany,Afghanistan,45,30/07/2019,JRO
RO-01089,Germany,Afghanistan,31,27/08/2019,JRO
RO-01090,Germany,Bangladesh,33,03/09/2019,JRO
RO-01090,Switzerland,Bangladesh,1,03/09/2019,JRO
RO-01091,Spain,Mauritania,10,06/06/2019,NRO
RO-01092,Spain,Georgia,18,27/06/2019,NRO
RO-01092,Spain,Albania,18,27/06/2019,NRO
RO-01093,Germany,Tunisia,25,18/09/2019,NRO
RO-01094,Germany,Nigeria,20,15/07/2019,JRO
RO-01095,Italy,Nigeria,32,22/06/2019,NRO
RO-01096,Italy,Tunisia,23,10/06/2019,NRO
RO-01097,Italy,Egypt,14,11/06/2019,NRO
RO-01099,Germany,Serbia,21,13/08/2019,JRO
RO-01099,Germany,Moldova,24,13/08/2019,JRO
RO-01100,Austria,Pakistan,6,21/08/2019,JRO
RO-01100,Finland,Pakistan,2,21/08/2019,JRO
RO-01100,Germany,Pakistan,33,21/08/2019,JRO
RO-01100,Sweden,Pakistan,1,21/08/2019,JRO
RO-01102,Belgium,Albania,5,02/07/2019,CRO
RO-01102,France,Albania,14,02/07/2019,CRO
RO-01103,Belgium,Albania,5,09/07/2019,CRO
RO-01103,France,Albania,20,09/07/2019,CRO
RO-01104,Belgium,Albania,5,16/07/2019,CRO
RO-01104,France,Albania,18,16/07/2019,CRO
RO-01105,France,Georgia,2,26/11/2019,CRO
RO-01105,Germany,Georgia,41,26/11/2019,CRO
RO-01105,Italy,Georgia,3,26/11/2019,CRO
RO-01106,Germany,Senegal,12,16/07/2019,NRO
RO-01107,Italy,Tunisia,25,17/06/2019,NRO
RO-01108,France,Georgia,5,10/09/2019,CRO
RO-01108,Germany,Georgia,81,10/09/2019,CRO
RO-01109,Germany,Kosovo,10,22/08/2019,JRO
RO-01109,Germany,Albania,29,22/08/2019,JRO
RO-01111,Germany,Russia,50,14/11/2019,JRO
RO-01112,Italy,Tunisia,21,24/06/2019,NRO
RO-01113,Germany,Turkey,3,20/08/2019,NRO
RO-01114,Italy,Tunisia,29,27/06/2019,NRO
RO-01115,Germany,Nigeria,8,17/09/2019,JRO
RO-01116,Germany,Nigeria,26,21/10/2019,NRO
RO-01117,Germany,North Macedonia,23,10/09/2019,JRO
RO-01117,Germany,Serbia,19,10/09/2019,JRO
RO-01118,Germany,Russia,49,26/09/2019,JRO
RO-01118,Sweden,Russia,1,26/09/2019,JRO
RO-01119,Italy,Tunisia,20,01/07/2019,NRO
RO-01120,Italy,Tunisia,33,04/07/2019,NRO
RO-01121,Italy,Egypt,25,09/07/2019,NRO
RO-01122,Italy,Tunisia,15,11/07/2019,NRO
RO-01123,Bulgaria,Nigeria,1,19/08/2019,JRO
RO-01123,Germany,Nigeria,19,19/08/2019,JRO
RO-01123,Portugal,Nigeria,1,19/08/2019,JRO
RO-01124,Bulgaria,Dominican Republic,2,17/07/2019,JRO
RO-01124,Poland,Colombia,1,17/07/2019,JRO
RO-01124,Spain,Colombia,34,17/07/2019,JRO
RO-01124,Spain,Dominican Republic,5,17/07/2019,JRO
RO-01125,Bulgaria,Nigeria,1,17/07/2019,JRO
RO-01125,Italy,Nigeria,31,17/07/2019,JRO
RO-01127,Belgium,Albania,5,13/08/2019,CRO
RO-01127,France,Albania,22,13/08/2019,CRO
RO-01128,France,Albania,24,20/08/2019,CRO
RO-01129,France,Albania,20,27/08/2019,CRO
RO-01130,Belgium,Albania,5,03/09/2019,CRO
RO-01130,France,Albania,11,03/09/2019,CRO
RO-01131,Belgium,Albania,5,10/09/2019,CRO
RO-01131,France,Albania,15,10/09/2019,CRO
RO-01132,Belgium,Albania,4,17/09/2019,CRO
RO-01132,France,Albania,27,17/09/2019,CRO
RO-01133,Belgium,Albania,5,24/09/2019,CRO
RO-01133,France,Albania,29,24/09/2019,CRO
RO-01134,Austria,Georgia,7,12/09/2019,JRO
RO-01134,Germany,Georgia,31,12/09/2019,JRO
RO-01135,Austria,Nigeria,19,25/09/2019,JRO
RO-01135,Hungary,Nigeria,1,25/09/2019,JRO
RO-01135,Sweden,Nigeria,1,25/09/2019,JRO
RO-01136,Austria,Nigeria,13,23/10/2019,JRO
RO-01136,Germany,Nigeria,7,23/10/2019,JRO
RO-01136,Luxembourg,Nigeria,4,23/10/2019,JRO
RO-01137,Austria,Nigeria,19,04/12/2019,JRO
RO-01137,France,Nigeria,5,04/12/2019,JRO
RO-01137,Germany,Nigeria,6,04/12/2019,JRO
RO-01137,Norway,Nigeria,2,04/12/2019,JRO
RO-01137,Sweden,Nigeria,2,04/12/2019,JRO
RO-01137,Switzerland,Nigeria,1,04/12/2019,JRO
RO-01139,Italy,Tunisia,25,15/07/2019,NRO
RO-01140,Spain,Georgia,18,29/08/2019,JRO
RO-01140,Spain,Albania,32,29/08/2019,JRO
RO-01140,Sweden,Georgia,3,29/08/2019,JRO
RO-01143,Bulgaria,Nigeria,1,18/11/2019,JRO
RO-01143,Germany,Nigeria,21,18/11/2019,JRO
RO-01143,Sweden,Nigeria,1,18/11/2019,JRO
RO-01144,Germany,Ghana,17,11/09/2019,JRO
RO-01145,France,Albania,25,04/09/2019,JRO
RO-01146,Italy,Tunisia,20,18/07/2019,NRO
RO-01147,Italy,Tunisia,26,29/07/2019,NRO
RO-01148,Germany,Kenya,2,05/09/2019,JRO
RO-01149,Austria,Russia,5,09/10/2019,JRO
RO-01149,Germany,Russia,16,09/10/2019,JRO
RO-01150,Austria,Bangladesh,4,10/12/2019,JRO
RO-01150,Germany,Bangladesh,28,10/12/2019,JRO
RO-01151,Germany,Kosovo,24,14/10/2019,JRO
RO-01151,Germany,Albania,46,14/10/2019,JRO
RO-01152,Germany,Pakistan,32,29/10/2019,JRO
RO-01152,Italy,Pakistan,5,29/10/2019,JRO
RO-01152,Sweden,Pakistan,2,29/10/2019,JRO
RO-01153,Italy,Tunisia,22,01/08/2019,NRO
RO-01154,Germany,Cameroon,1,28/08/2019,NRO
RO-01155,Italy,Tunisia,30,08/08/2019,NRO
RO-01156,Italy,Tunisia,35,15/08/2019,NRO
RO-01158,Germany,Moldova,27,12/09/2019,JRO
RO-01158,Germany,Bosnia and Herzegovina,8,12/09/2019,JRO
RO-01159,Germany,Serbia,21,22/10/2019,JRO
RO-01159,Germany,Moldova,34,22/10/2019,JRO
RO-01160,Germany,Somalia,3,02/09/2019,NRO
RO-01161,Germany,Afghanistan,44,08/10/2019,JRO
RO-01162,Germany,Afghanistan,36,06/11/2019,JRO
RO-01163,Germany,Afghanistan,44,03/12/2019,JRO
RO-01164,Germany,Armenia,59,15/10/2019,JRO
RO-01164,Germany,Albania,33,15/10/2019,JRO
RO-01165,Germany,Azerbaijan,59,14/11/2019,NRO
RO-01166,Italy,Tunisia,19,19/08/2019,NRO
RO-01167,Italy,Tunisia,40,22/08/2019,NRO
RO-01168,Germany,Nigeria,8,16/12/2019,JRO
RO-01169,Germany,Nigeria,33,26/11/2019,JRO
RO-01170,Germany,Ghana,19,21/11/2019,NRO
RO-01171,Germany,Tunisia,19,16/10/2019,JRO
RO-01172,Germany,Tunisia,25,13/11/2019,JRO
RO-01173,Germany,Tunisia,20,11/12/2019,JRO
RO-01174,Germany,North Macedonia,40,12/11/2019,JRO
RO-01174,Germany,Serbia,68,12/11/2019,JRO
RO-01175,Italy,Tunisia,18,26/08/2019,NRO
RO-01176,Austria,Afghanistan,37,03/09/2019,JRO
RO-01176,Bulgaria,Afghanistan,2,03/09/2019,JRO
RO-01176,Hungary,Afghanistan,3,03/09/2019,JRO
RO-01177,Italy,Tunisia,34,29/08/2019,NRO
RO-01184,Germany,Turkey,3,27/09/2019,NRO
RO-01185,Italy,Tunisia,38,05/09/2019,NRO
RO-01189,Germany,Egypt,15,29/10/2019,JRO
RO-01190,Italy,Tunisia,38,09/09/2019,NRO
RO-01191,Italy,Egypt,20,10/09/2019,NRO
RO-01192,Italy,Nigeria,40,21/09/2019,NRO
RO-01199,Norway,Ethiopia,11,11/12/2019,JRO
RO-01199,Sweden,Ethiopia,7,11/12/2019,JRO
RO-01200,Spain,Colombia,42,25/09/2019,NRO
RO-01200,Spain,Dominican Republic,4,25/09/2019,NRO
RO-01201,Austria,Afghanistan,6,16/10/2019,JRO
RO-01201,Bulgaria,Afghanistan,2,16/10/2019,JRO
RO-01201,Hungary,Afghanistan,1,16/10/2019,JRO
RO-01201,Slovenia,Afghanistan,1,16/10/2019,JRO
RO-01202,Germany,Ghana,25,22/10/2019,NRO
RO-01203,Austria,Afghanistan,20,10/12/2019,JRO
RO-01203,Hungary,Afghanistan,0,10/12/2019,JRO
RO-01203,Sweden,Afghanistan,10,10/12/2019,JRO
RO-01214,Italy,Tunisia,32,12/09/2019,NRO
RO-01215,Belgium,Albania,5,08/10/2019,CRO
RO-01215,France,Albania,50,08/10/2019,CRO
RO-01216,Belgium,Albania,5,15/10/2019,CRO
RO-01216,France,Albania,43,15/10/2019,CRO
RO-01217,Belgium,Albania,5,23/10/2019,CRO
RO-01217,France,Albania,28,23/10/2019,CRO
RO-01218,Belgium,Albania,5,29/10/2019,CRO
RO-01218,France,Albania,31,29/10/2019,CRO
RO-01221,Italy,Tunisia,21,16/09/2019,NRO
RO-01224,Austria,Kosovo,3,19/11/2019,JRO
RO-01224,Austria,Albania,7,19/11/2019,JRO
RO-01224,Germany,Kosovo,17,19/11/2019,JRO
RO-01224,Germany,Albania,91,19/11/2019,JRO
RO-01225,France,Georgia,33,04/10/2019,CRO
RO-01227,Spain,Mauritania,17,19/09/2019,NRO
RO-01230,Germany,Ukraine,47,29/10/2019,CRO
RO-01234,Spain,Georgia,11,17/10/2019,NRO
RO-01234,Spain,Albania,16,17/10/2019,NRO
RO-01235,Italy,Tunisia,30,19/09/2019,NRO
RO-01238,Italy,Tunisia,33,23/09/2019,NRO
RO-01239,Italy,Tunisia,32,26/09/2019,NRO
RO-01242,Germany,Azerbaijan,9,18/10/2019,JRO
RO-01243,Italy,Tunisia,20,30/09/2019,NRO
RO-01244,Italy,Egypt,15,11/10/2019,NRO
RO-01245,Belgium,Nigeria,1,15/10/2019,JRO
RO-01245,Italy,Nigeria,30,15/10/2019,JRO
RO-01246,Italy,Tunisia,27,03/10/2019,NRO
RO-01247,Austria,Armenia,2,06/11/2019,JRO
RO-01247,Austria,Georgia,4,06/11/2019,JRO
RO-01247,Austria,Uzbekistan,1,06/11/2019,JRO
RO-01247,Germany,Georgia,40,06/11/2019,JRO
RO-01247,Sweden,Georgia,4,06/11/2019,JRO
RO-01249,Germany,Turkey,4,28/10/2019,JRO
RO-01250,Italy,Tunisia,27,07/10/2019,NRO
RO-01251,Belgium,Georgia,2,04/12/2019,JRO
RO-01251,Belgium,Albania,2,04/12/2019,JRO
RO-01251,Iceland,Georgia,6,04/12/2019,JRO
RO-01251,Ireland,Georgia,4,04/12/2019,JRO
RO-01251,Ireland,Albania,19,04/12/2019,JRO
RO-01252,Italy,Tunisia,32,10/10/2019,NRO
RO-01254,Belgium,Albania,5,05/11/2019,CRO
RO-01254,France,Albania,31,05/11/2019,CRO
RO-01255,Belgium,Albania,5,13/11/2019,CRO
RO-01255,France,Albania,32,13/11/2019,CRO
RO-01256,Belgium,Albania,5,19/11/2019,CRO
RO-01256,France,Albania,20,19/11/2019,CRO
RO-01257,Belgium,Albania,6,03/12/2019,CRO
RO-01257,France,Albania,46,03/12/2019,CRO
RO-01258,Belgium,Albania,5,10/12/2019,CRO
RO-01258,France,Albania,33,10/12/2019,CRO
RO-01259,Belgium,Albania,5,17/12/2019,CRO
RO-01259,France,Albania,40,17/12/2019,CRO
RO-01260,Germany,Armenia,34,28/11/2019,JRO
RO-01261,Italy,Tunisia,35,17/10/2019,NRO
RO-01262,Italy,Tunisia,35,21/10/2019,NRO
RO-01265,France,Georgia,40,20/12/2019,CRO
RO-01265,Sweden,Georgia,3,20/12/2019,CRO
RO-01266,Spain,Mauritania,30,06/11/2019,NRO
RO-01267,Spain,Mauritania,23,13/11/2019,NRO
RO-01268,Italy,Tunisia,30,28/10/2019,NRO
RO-01269,Italy,Tunisia,29,24/10/2019,NRO
RO-01270,Germany,Kosovo,21,11/12/2019,JRO
RO-01270,Germany,Albania,25,11/12/2019,JRO
RO-01271,Germany,Russia,35,09/12/2019,JRO
RO-01271,Norway,Russia,1,09/12/2019,JRO
RO-01271,Sweden,Russia,1,09/12/2019,JRO
RO-01273,Spain,Colombia,42,18/12/2019,NRO
RO-01273,Spain,Dominican Republic,8,18/12/2019,NRO
RO-01274,Germany,Kosovo,14,12/12/2019,NRO
RO-01274,Germany,Moldova,43,12/12/2019,NRO
RO-01275,Italy,Tunisia,30,31/10/2019,NRO
RO-01276,Italy,Nigeria,32,30/11/2019,NRO
RO-01277,Luxembourg,North Macedonia,6,20/11/2019,NRO
RO-01277,Luxembourg,Albania,9,20/11/2019,NRO
RO-01278,Italy,Tunisia,12,11/11/2019,NRO
RO-01280,Italy,Egypt,36,03/12/2019,NRO
RO-01282,Italy,Tunisia,13,18/11/2019,NRO
RO-01290,Italy,Tunisia,16,25/11/2019,NRO
RO-01296,Italy,Tunisia,14,02/12/2019,NRO
RO-01297,Italy,Tunisia,15,05/12/2019,NRO
RO-01300,Denmark,Iraq,4,03/12/2019,NRO
RO-01308,Italy,Tunisia,8,09/12/2019,NRO
RO-01309,Spain,Mauritania,38,16/12/2019,NRO
RO-01310,Spain,Mauritania,28,26/12/2019,NRO
RO-01319,Italy,Tunisia,8,16/12/2019,NRO
RO-01320,Italy,Nigeria,28,21/12/2019,NRO
RO-01178,Germany,Pakistan,31,07/01/2020,NRO
RO-01179,Germany,Pakistan,47,04/02/2020,JRO
RO-01179,Poland,Pakistan,2,04/02/2020,JRO
RO-01180,Austria,Pakistan,8,03/03/2020,JRO
RO-01180,Germany,Pakistan,34,03/03/2020,JRO
RO-01180,Sweden,Pakistan,3,03/03/2020,JRO
RO-01186,Germany,Pakistan,19,14/07/2020,JRO
RO-01186,Greece,Pakistan,10,14/07/2020,JRO
RO-01187,Germany,Afghanistan,37,14/01/2020,NRO
RO-01188,Germany,Afghanistan,31,12/02/2020,NRO
RO-01193,France,Georgia,5,16/01/2020,CRO
RO-01193,Germany,Georgia,29,16/01/2020,CRO
RO-01193,Sweden,Georgia,2,16/01/2020,CRO
RO-01194,Germany,Georgia,81,11/02/2020,CRO
RO-01194,Italy,Georgia,3,11/02/2020,CRO
RO-01195,France,Georgia,5,05/03/2020,CRO
RO-01195,Germany,Georgia,42,05/03/2020,CRO
RO-01195,Italy,Georgia,5,05/03/2020,CRO
RO-01204,Austria,Nigeria,12,22/01/2020,JRO
RO-01204,Belgium,Nigeria,2,22/01/2020,JRO
RO-01204,Germany,Nigeria,20,22/01/2020,JRO
RO-01204,Greece,Nigeria,1,22/01/2020,JRO
RO-01205,Austria,Nigeria,17,19/02/2020,JRO
RO-01205,Austria,Gambia,1,19/02/2020,JRO
RO-01205,Hungary,Nigeria,2,19/02/2020,JRO
RO-01205,Hungary,Gambia,1,19/02/2020,JRO
RO-01205,Luxembourg,Nigeria,7,19/02/2020,JRO
RO-01205,Sweden,Nigeria,3,19/02/2020,JRO
RO-01205,Sweden,Gambia,4,19/02/2020,JRO
RO-01210,Austria,Armenia,1,13/02/2020,NRO
RO-01210,Austria,Georgia,3,13/02/2020,NRO
RO-01211,Austria,Georgia,7,07/05/2020,NRO
RO-01212,Austria,Russia,5,11/03/2020,NRO
RO-01219,Austria,Afghanistan,18,05/02/2020,JRO
RO-01219,Bulgaria,Afghanistan,2,05/02/2020,JRO
RO-01219,Greece,Afghanistan,2,05/02/2020,JRO
RO-01219,Sweden,Afghanistan,24,05/02/2020,JRO
RO-01220,Bulgaria,Afghanistan,1,04/03/2020,JRO
RO-01220,Sweden,Afghanistan,22,04/03/2020,JRO
RO-01231,Germany,Nigeria,10,06/02/2020,JRO
RO-01231,Norway,Nigeria,1,06/02/2020,JRO
RO-01233,Germany,Nigeria,27,26/02/2020,JRO
RO-01233,Poland,Nigeria,1,26/02/2020,JRO
RO-01237,Germany,Ghana,21,30/01/2020,NRO
RO-01263,Finland,Kosovo,3,23/01/2020,JRO
RO-01263,Germany,Kosovo,14,23/01/2020,JRO
RO-01263,Germany,Albania,59,23/01/2020,JRO
RO-01264,Germany,North Macedonia,19,28/01/2020,NRO
RO-01264,Germany,Serbia,59,28/01/2020,NRO
RO-01281,Germany,Montenegro,44,03/03/2020,CRO
RO-01283,Austria,Pakistan,7,18/08/2020,JRO
RO-01283,Germany,Pakistan,24,18/08/2020,JRO
RO-01283,Poland,Pakistan,2,18/08/2020,JRO
RO-01284,Germany,Pakistan,34,07/09/2020,NRO
RO-01285,Germany,Pakistan,36,08/10/2020,JRO
RO-01285,Poland,Pakistan,1,08/10/2020,JRO
RO-01289,Austria,Afghanistan,9,26/02/2020,JRO
RO-01289,Bulgaria,Afghanistan,1,26/02/2020,JRO
RO-01289,Hungary,Afghanistan,0,26/02/2020,JRO
RO-01291,Germany,Tunisia,18,22/01/2020,NRO
RO-01292,Germany,Tunisia,19,05/02/2020,NRO
RO-01294,Germany,Azerbaijan,21,18/02/2020,NRO
RO-01295,Germany,Russia,41,28/01/2020,NRO
RO-01298,Germany,Azerbaijan,29,27/02/2020,NRO
RO-01299,Belgium,Guinea,7,21/01/2020,JRO
RO-01299,Germany,Guinea,9,21/01/2020,JRO
RO-01304,Germany,Serbia,27,18/02/2020,NRO
RO-01304,Germany,Moldova,49,18/02/2020,NRO
RO-01305,Germany,Albania,7,05/03/2020,NRO
RO-01305,Germany,Moldova,50,05/03/2020,NRO
RO-01306,Germany,Serbia,47,15/06/2020,NRO
RO-01307,Spain,Mauritania,46,20/01/2020,NRO
RO-01311,Belgium,Albania,6,07/01/2020,CRO
RO-01311,France,Albania,41,07/01/2020,CRO
RO-01312,Belgium,Albania,6,14/01/2020,CRO
RO-01312,France,Albania,23,14/01/2020,CRO
RO-01313,Belgium,Albania,6,21/01/2020,CRO
RO-01313,France,Albania,34,21/01/2020,CRO
RO-01314,Finland,Kosovo,1,10/03/2020,JRO
RO-01314,Germany,Kosovo,15,10/03/2020,JRO
RO-01314,Germany,Albania,59,10/03/2020,JRO
RO-01315,Germany,Serbia,31,24/03/2020,NRO
RO-01317,France,Albania,31,28/01/2020,CRO
RO-01321,Greece,Pakistan,27,14/01/2020,NRO
RO-01322,Germany,Kosovo,21,19/02/2020,NRO
RO-01322,Germany,Albania,64,19/02/2020,NRO
RO-01326,Germany,North Macedonia,25,26/05/2020,NRO
RO-01326,Germany,Serbia,34,26/05/2020,NRO
RO-01328,Germany,Albania,46,23/06/2020,NRO
RO-01330,Italy,Tunisia,11,02/01/2020,NRO
RO-01331,Italy,Egypt,29,21/01/2020,NRO
RO-01333,Spain,Mauritania,42,27/01/2020,NRO
RO-01334,Italy,Tunisia,14,13/01/2020,NRO
RO-01335,Belgium,Albania,6,04/02/2020,CRO
RO-01335,France,Albania,38,04/02/2020,CRO
RO-01336,Belgium,Albania,6,11/02/2020,CRO
RO-01336,France,Albania,34,11/02/2020,CRO
RO-01337,Belgium,Albania,6,18/02/2020,CRO
RO-01337,France,Albania,25,18/02/2020,CRO
RO-01338,Belgium,Albania,6,25/02/2020,CRO
RO-01338,France,Albania,23,25/02/2020,CRO
RO-01341,Italy,Nigeria,30,01/02/2020,NRO
RO-01342,France,Albania,44,03/03/2020,CRO
RO-01342,Luxembourg,Albania,5,03/03/2020,CRO
RO-01343,Belgium,Albania,6,10/03/2020,CRO
RO-01343,France,Albania,42,10/03/2020,CRO
RO-01347,Germany,Afghanistan,39,11/03/2020,NRO
RO-01348,Italy,Tunisia,7,23/01/2020,NRO
RO-01350,Spain,Mauritania,51,17/02/2020,NRO
RO-01351,Spain,Mauritania,23,02/03/2020,NRO
RO-01353,Italy,Egypt,20,07/02/2020,NRO
RO-01354,Spain,Georgia,15,25/02/2020,NRO
RO-01354,Spain,Albania,22,25/02/2020,NRO
RO-01356,Italy,Tunisia,10,30/01/2020,NRO
RO-01357,Germany,Serbia,19,18/03/2020,NRO
RO-01359,Italy,Tunisia,21,06/02/2020,NRO
RO-01363,France,Albania,17,27/02/2020,NRO
RO-01365,Germany,Ghana,15,05/03/2020,NRO
RO-01369,Italy,Tunisia,8,17/02/2020,NRO
RO-01370,Italy,Tunisia,14,24/02/2020,NRO
RO-01393,Norway,Iraq,5,28/10/2020,NRO
RO-01401,Austria,Georgia,16,18/06/2020,NRO
RO-01405,Germany,Georgia,55,04/06/2020,NRO
RO-01409,Germany,Albania,19,20/07/2020,NRO
RO-01409,Germany,Moldova,42,20/07/2020,NRO
RO-01414,Germany,Kosovo,12,17/08/2020,NRO
RO-01414,Germany,Albania,41,17/08/2020,NRO
RO-01415,Germany,Serbia,45,19/08/2020,NRO
RO-01415,Germany,Moldova,30,19/08/2020,NRO
RO-01420,Austria,Georgia,26,16/07/2020,NRO
RO-01421,Germany,Georgia,45,10/06/2020,JRO
RO-01421,Greece,Georgia,10,10/06/2020,JRO
RO-01425,Germany,Albania,50,15/06/2020,NRO
RO-01426,Germany,Tunisia,22,22/07/2020,NRO
RO-01428,Germany,Kosovo,14,28/07/2020,NRO
RO-01428,Germany,Albania,26,28/07/2020,NRO
RO-01429,France,Albania,18,30/06/2020,NRO
RO-01430,France,Albania,19,16/06/2020,NRO
RO-01434,Germany,Moldova,56,15/07/2020,NRO
RO-01435,Germany,Moldova,57,30/07/2020,NRO
RO-01436,Germany,Georgia,41,02/07/2020,JRO
RO-01436,Sweden,Georgia,5,02/07/2020,JRO
RO-01437,Germany,Georgia,28,08/07/2020,JRO
RO-01437,Iceland,Georgia,2,08/07/2020,JRO
RO-01437,Sweden,Georgia,5,08/07/2020,JRO
RO-01438,Germany,Georgia,38,20/08/2020,CRO
RO-01439,Germany,North Macedonia,51,25/08/2020,NRO
RO-01439,Germany,Serbia,25,25/08/2020,NRO
RO-01441,Germany,Georgia,31,10/09/2020,CRO
RO-01441,Greece,Georgia,10,10/09/2020,CRO
RO-01442,France,Albania,20,16/07/2020,NRO
RO-01443,Germany,North Macedonia,53,27/08/2020,NRO
RO-01444,Germany,Tunisia,22,02/09/2020,NRO
RO-01446,Germany,Ukraine,9,22/07/2020,NRO
RO-01448,Austria,Armenia,1,17/09/2020,JRO
RO-01448,Austria,Georgia,20,17/09/2020,JRO
RO-01448,Greece,Georgia,14,17/09/2020,JRO
RO-01454,Germany,Kosovo,16,30/09/2020,JRO
RO-01454,Germany,Albania,29,30/09/2020,JRO
RO-01454,The Netherlands,Kosovo,1,30/09/2020,JRO
RO-01456,Italy,Tunisia,20,16/07/2020,NRO
RO-01457,Germany,Moldova,36,11/08/2020,NRO
RO-01458,Germany,Georgia,45,30/09/2020,CRO
RO-01458,Italy,Georgia,4,30/09/2020,CRO
RO-01458,Spain,Georgia,1,30/09/2020,CRO
RO-01460,Germany,Georgia,39,04/08/2020,JRO
RO-01460,Italy,Georgia,5,04/08/2020,JRO
RO-01460,Sweden,Georgia,2,04/08/2020,JRO
RO-01460,The Netherlands,Georgia,1,04/08/2020,JRO
RO-01461,Italy,Tunisia,20,23/07/2020,NRO
RO-01462,France,Georgia,23,24/07/2020,NRO
RO-01463,Slovenia,Kosovo,3,16/07/2020,NRO
RO-01464,Finland,Georgia,5,22/07/2020,NRO
RO-01465,France,Albania,20,30/07/2020,NRO
RO-01466,Germany,Ukraine,37,26/08/2020,JRO
RO-01466,The Netherlands,Ukraine,1,26/08/2020,JRO
RO-01467,Italy,Tunisia,19,27/07/2020,NRO
RO-01468,Italy,Albania,30,07/08/2020,NRO
RO-01469,Germany,Albania,47,12/08/2020,NRO
RO-01470,France,Albania,25,12/08/2020,NRO
RO-01471,France,Georgia,18,19/08/2020,NRO
RO-01472,Italy,Tunisia,18,30/07/2020,NRO
RO-01474,Italy,Tunisia,18,03/08/2020,NRO
RO-01475,Italy,Tunisia,20,06/08/2020,NRO
RO-01478,Germany,Serbia,63,02/09/2020,NRO
RO-01479,Germany,Kosovo,8,28/09/2020,JRO
RO-01479,Germany,Albania,38,28/09/2020,JRO
RO-01479,Sweden,Albania,7,28/09/2020,JRO
RO-01480,Italy,Tunisia,39,10/08/2020,NRO
RO-01481,Finland,Georgia,5,06/08/2020,NRO
RO-01482,Finland,Turkey,4,20/08/2020,NRO
RO-01484,Italy,Tunisia,37,13/08/2020,NRO
RO-01485,France,Albania,25,26/08/2020,NRO
RO-01486,France,Albania,21,02/09/2020,NRO
RO-01487,France,Albania,25,10/09/2020,NRO
RO-01489,Italy,Tunisia,35,17/08/2020,NRO
RO-01490,Italy,Tunisia,37,20/08/2020,NRO
RO-01491,Germany,Georgia,30,01/09/2020,NRO
RO-01492,France,Albania,25,15/09/2020,CRO
RO-01493,France,Albania,24,29/09/2020,CRO
RO-01494,Italy,Tunisia,35,27/08/2020,NRO
RO-01495,Italy,Tunisia,30,24/08/2020,NRO
RO-01496,Germany,Georgia,48,15/10/2020,CRO
RO-01497,Germany,North Macedonia,21,06/10/2020,JRO
RO-01497,Germany,Serbia,34,06/10/2020,JRO
RO-01497,Iceland,North Macedonia,7,06/10/2020,JRO
RO-01498,Germany,Tunisia,18,07/10/2020,NRO
RO-01508,Germany,Serbia,11,24/09/2020,NRO
RO-01508,Germany,Moldova,77,24/09/2020,NRO
RO-01509,Germany,Ukraine,43,30/09/2020,NRO
RO-01510,France,Albania,25,06/10/2020,CRO
RO-01511,Germany,Ukraine,31,24/11/2020,NRO
RO-01512,France,Albania,25,13/10/2020,CRO
RO-01513,France,Albania,25,20/10/2020,CRO
RO-01514,France,Albania,24,27/10/2020,CRO
RO-01515,Italy,Tunisia,35,31/08/2020,NRO
RO-01516,Austria,Pakistan,5,13/10/2020,JRO
RO-01516,Greece,Pakistan,24,13/10/2020,JRO
RO-01517,Italy,Tunisia,15,07/09/2020,NRO
RO-01518,Italy,Tunisia,23,03/09/2020,NRO
RO-01519,Italy,Tunisia,35,10/09/2020,NRO
RO-01520,Italy,Tunisia,31,14/09/2020,NRO
RO-01521,Germany,Moldova,34,28/09/2020,NRO
RO-01522,Italy,Tunisia,40,17/09/2020,NRO
RO-01523,Germany,Ethiopia,10,27/10/2020,NRO
RO-01524,France,Albania,33,03/11/2020,CRO
RO-01525,Germany,Bangladesh,15,03/11/2020,JRO
RO-01525,Iceland,Bangladesh,1,03/11/2020,JRO
RO-01525,Malta,Bangladesh,2,03/11/2020,JRO
RO-01526,Austria,Georgia,12,05/11/2020,JRO
RO-01526,France,Georgia,4,05/11/2020,JRO
RO-01526,Germany,Georgia,18,05/11/2020,JRO
RO-01527,Germany,Gambia,19,18/11/2020,JRO
RO-01527,Norway,Gambia,1,18/11/2020,JRO
RO-01528,France,Albania,21,10/11/2020,CRO
RO-01529,Germany,Tunisia,20,11/11/2020,NRO
RO-01530,Germany,Georgia,46,10/11/2020,CRO
RO-01530,Italy,Georgia,4,10/11/2020,CRO
RO-01532,France,Albania,17,17/11/2020,CRO
RO-01533,Germany,Kosovo,12,19/11/2020,NRO
RO-01533,Germany,Albania,44,19/11/2020,NRO
RO-01535,France,Georgia,4,26/11/2020,CRO
RO-01535,Germany,Georgia,31,26/11/2020,CRO
RO-01535,Italy,Georgia,5,26/11/2020,CRO
RO-01536,Germany,North Macedonia,17,26/11/2020,NRO
RO-01536,Germany,Serbia,14,26/11/2020,NRO
RO-01537,France,Albania,26,24/11/2020,CRO
RO-01542,Germany,North Macedonia,13,01/12/2020,NRO
RO-01542,Germany,Serbia,43,01/12/2020,NRO
RO-01543,Germany,Bosnia and Herzegovina,24,07/10/2020,NRO
RO-01544,Italy,Albania,17,25/09/2020,NRO
RO-01545,Austria,Russia,20,03/12/2020,NRO
RO-01546,Italy,Tunisia,34,21/09/2020,NRO
RO-01547,Austria,Nigeria,25,12/11/2020,JRO
RO-01547,Bulgaria,Nigeria,1,12/11/2020,JRO
RO-01547,Germany,Nigeria,2,12/11/2020,JRO
RO-01547,Hungary,Nigeria,2,12/11/2020,JRO
RO-01547,Romania,Nigeria,1,12/11/2020,JRO
RO-01547,Sweden,Nigeria,1,12/11/2020,JRO
RO-01548,Germany,Ghana,15,09/11/2020,NRO
RO-01549,France,Georgia,22,24/09/2020,JRO
RO-01549,Spain,Georgia,2,24/09/2020,JRO
RO-01551,Italy,Tunisia,38,24/09/2020,NRO
RO-01552,France,Kosovo,5,17/11/2020,JRO
RO-01552,Germany,Kosovo,30,17/11/2020,JRO
RO-01553,Italy,Tunisia,40,28/09/2020,NRO
RO-01555,Italy,Tunisia,39,01/10/2020,NRO
RO-01556,Germany,Armenia,9,04/11/2020,NRO
RO-01557,Italy,Tunisia,39,05/10/2020,NRO
RO-01558,Germany,Albania,34,12/11/2020,JRO
RO-01558,Iceland,Albania,6,12/11/2020,JRO
RO-01559,Italy,Tunisia,40,08/10/2020,NRO
RO-01560,Italy,Tunisia,39,12/10/2020,NRO
RO-01561,Germany,Guinea,6,17/11/2020,JRO
RO-01561,Romania,Guinea,1,17/11/2020,JRO
RO-01562,Germany,Georgia,39,02/12/2020,NRO
RO-01563,Germany,Moldova,51,21/10/2020,NRO
RO-01564,Italy,Tunisia,40,15/10/2020,NRO
RO-01565,Italy,Tunisia,37,13/10/2020,NRO
RO-01566,Finland,Iraq,5,11/11/2020,NRO
RO-01568,Italy,Tunisia,33,19/10/2020,NRO
RO-01570,Germany,Georgia,14,29/10/2020,JRO
RO-01570,Italy,Georgia,4,29/10/2020,JRO
RO-01571,Italy,Tunisia,40,20/10/2020,NRO
RO-01572,Italy,Tunisia,32,22/10/2020,NRO
RO-01573,Czech Republic,Vietnam,8,17/12/2020,JRO
RO-01573,Poland,Vietnam,14,17/12/2020,JRO
RO-01573,The Netherlands,Vietnam,2,17/12/2020,JRO
RO-01574,Germany,Serbia,5,23/11/2020,NRO
RO-01574,Germany,Moldova,59,23/11/2020,NRO
RO-01575,Bulgaria,Iraq,1,02/12/2020,JRO
RO-01575,Germany,Iraq,21,02/12/2020,JRO
RO-01576,Italy,Tunisia,38,26/10/2020,NRO
RO-01577,Spain,Mauritania,22,10/11/2020,NRO
RO-01578,Italy,Tunisia,36,29/10/2020,NRO
RO-01580,France,Albania,33,01/12/2020,CRO
RO-01582,Belgium,Albania,1,09/12/2020,CRO
RO-01582,France,Albania,22,09/12/2020,CRO
RO-01582,The Netherlands,Albania,2,09/12/2020,CRO
RO-01583,Germany,North Macedonia,46,10/12/2020,NRO
RO-01583,Germany,Serbia,15,10/12/2020,NRO
RO-01584,Germany,Serbia,7,11/12/2020,NRO
RO-01584,Germany,Moldova,42,11/12/2020,NRO
RO-01585,Germany,Georgia,26,17/12/2020,CRO
RO-01585,Italy,Georgia,3,17/12/2020,CRO
RO-01586,Germany,Tunisia,21,09/12/2020,NRO
RO-01587,France,Albania,30,15/12/2020,CRO
RO-01588,France,Albania,26,23/12/2020,CRO
RO-01589,France,Albania,22,29/12/2020,CRO
RO-01590,Germany,Armenia,31,08/12/2020,NRO
RO-01591,Austria,Nigeria,17,10/12/2020,JRO
RO-01591,Germany,Nigeria,24,10/12/2020,JRO
RO-01591,Poland,Nigeria,1,10/12/2020,JRO
RO-01591,Slovakia,Nigeria,1,10/12/2020,JRO
RO-01592,Austria,Afghanistan,10,15/12/2020,JRO
RO-01592,Bulgaria,Afghanistan,1,15/12/2020,JRO
RO-01592,Sweden,Afghanistan,0,15/12/2020,JRO
RO-01593,Spain,Georgia,18,03/12/2020,NRO
RO-01593,Spain,Albania,22,03/12/2020,NRO
RO-01594,Germany,Guinea,13,16/12/2020,NRO
RO-01595,Germany,Ukraine,35,18/12/2020,NRO
RO-01596,Germany,Ghana,2,21/12/2020,NRO
RO-01597,Germany,Afghanistan,30,16/12/2020,NRO
RO-01598,Italy,Tunisia,30,01/12/2020,NRO
RO-01599,The Netherlands,Nigeria,8,18/12/2020,NRO
RO-01600,Germany,Albania,28,10/12/2020,NRO
RO-01601,Spain,Colombia,84,16/12/2020,NRO
RO-01601,Spain,Dominican Republic,9,16/12/2020,NRO
RO-01602,Italy,Tunisia,29,03/12/2020,NRO
RO-01603,Romania,Vietnam,25,28/12/2020,NRO
RO-01622,Italy,Tunisia,29,07/12/2020,NRO
RO-01623,Italy,Tunisia,25,10/12/2020,NRO
RO-01604,France,Albania,20,06/01/2021,CRO
RO-01605,Germany,Tunisia,12,13/01/2021,NRO
RO-01606,Austria,Kosovo,1,15/01/2021,JRO
RO-01606,Austria,Albania,2,15/01/2021,JRO
RO-01606,Germany,Kosovo,8,15/01/2021,JRO
RO-01606,Germany,Albania,45,15/01/2021,JRO
RO-01607,France,Albania,17,12/01/2021,CRO
RO-01609,Germany,Afghanistan,26,12/01/2021,NRO
RO-01610,France,Albania,3,21/01/2021,JRO
RO-01610,France,Moldova,2,21/01/2021,JRO
RO-01610,Germany,Albania,25,21/01/2021,JRO
RO-01610,Germany,Moldova,49,21/01/2021,JRO
RO-01611,Germany,North Macedonia,36,21/01/2021,NRO
RO-01611,Germany,Serbia,25,21/01/2021,NRO
RO-01612,Germany,Guinea,25,19/01/2021,NRO
RO-01614,Germany,Georgia,41,19/01/2021,NRO
RO-01615,France,Albania,15,19/01/2021,CRO
RO-01616,Austria,Nigeria,13,19/01/2021,JRO
RO-01616,Germany,Nigeria,24,19/01/2021,JRO
RO-01616,Hungary,Nigeria,1,19/01/2021,JRO
RO-01618,Germany,Ghana,16,26/01/2021,NRO
RO-01619,France,Albania,9,26/01/2021,CRO
RO-01625,Germany,Ethiopia,3,27/01/2021,JRO
RO-01625,Switzerland,Ethiopia,4,27/01/2021,JRO
RO-01626,Austria,Armenia,6,28/01/2021,JRO
RO-01626,Austria,Georgia,8,28/01/2021,JRO
RO-01626,Germany,Georgia,9,28/01/2021,JRO
RO-01626,Switzerland,Georgia,1,28/01/2021,JRO
RO-01627,Germany,Pakistan,23,18/01/2021,JRO
RO-01627,Romania,Pakistan,1,18/01/2021,JRO
RO-01628,Greece,Pakistan,25,26/01/2021,NRO
RO-01632,Luxembourg,Kosovo,5,07/01/2021,NRO
RO-01632,Luxembourg,Albania,7,07/01/2021,NRO
RO-01635,Germany,Ukraine,42,29/01/2021,NRO
RO-01636,France,Albania,18,02/02/2021,CRO
RO-01637,Germany,Armenia,25,02/02/2021,NRO
RO-01639,Germany,Kosovo,24,02/02/2021,NRO
RO-01639,Germany,Albania,24,02/02/2021,NRO
RO-01640,France,Albania,10,09/02/2021,CRO
RO-01641,Germany,Kosovo,17,11/02/2021,NRO
RO-01641,Germany,Albania,20,11/02/2021,NRO
RO-01642,Belgium,Guinea,1,09/02/2021,JRO
RO-01642,Germany,Guinea,14,09/02/2021,JRO
RO-01643,Germany,Georgia,45,11/02/2021,CRO
RO-01643,Italy,Georgia,4,11/02/2021,CRO
RO-01644,Germany,Afghanistan,26,09/02/2021,NRO
RO-01645,France,Albania,16,16/02/2021,CRO
RO-01647,France,Albania,40,23/02/2021,CRO
RO-01648,Austria,Afghanistan,17,23/02/2021,JRO
RO-01648,Belgium,Afghanistan,2,23/02/2021,JRO
RO-01648,Bulgaria,Afghanistan,2,23/02/2021,JRO
RO-01648,Hungary,Afghanistan,2,23/02/2021,JRO
RO-01648,Luxembourg,Afghanistan,1,23/02/2021,JRO
RO-01648,Slovakia,Afghanistan,1,23/02/2021,JRO
RO-01648,Sweden,Afghanistan,12,23/02/2021,JRO
RO-01650,Germany,North Macedonia,27,25/02/2021,NRO
RO-01650,Germany,Serbia,41,25/02/2021,NRO
RO-01653,Austria,Pakistan,6,10/02/2021,JRO
RO-01653,Greece,Pakistan,15,10/02/2021,JRO
RO-01653,Slovenia,Pakistan,1,10/02/2021,JRO
RO-01654,Germany,Pakistan,16,17/02/2021,NRO
RO-01656,Italy,Tunisia,36,04/01/2021,NRO
RO-01657,Germany,Kosovo,9,22/01/2021,NRO
RO-01657,Germany,Albania,11,22/01/2021,NRO
RO-01658,Italy,Tunisia,40,07/01/2021,NRO
RO-01659,Germany,Iraq,9,27/01/2021,NRO
RO-01660,Italy,Tunisia,37,15/01/2021,NRO
RO-01663,France,Georgia,21,29/01/2021,NRO
RO-01665,Germany,Ghana,22,23/02/2021,NRO
RO-01667,Germany,Moldova,30,25/02/2021,NRO
RO-01667,Germany,Ukraine,9,25/02/2021,NRO
RO-01668,Germany,Armenia,32,23/02/2021,NRO
RO-01669,Germany,Kosovo,4,04/02/2021,NRO
RO-01669,Germany,Moldova,24,04/02/2021,NRO
RO-01671,Italy,Tunisia,17,21/01/2021,NRO
RO-01673,Austria,Russia,11,08/04/2021,JRO
RO-01673,Belgium,Russia,4,08/04/2021,JRO
RO-01674,Germany,Tunisia,21,03/03/2021,NRO
RO-01675,Finland,Gambia,1,03/03/2021,JRO
RO-01675,Germany,Gambia,22,03/03/2021,JRO
RO-01675,Sweden,Gambia,1,03/03/2021,JRO
RO-01676,Germany,Georgia,47,11/03/2021,CRO
RO-01676,Iceland,Georgia,6,11/03/2021,CRO
RO-01677,Germany,North Macedonia,22,12/03/2021,NRO
RO-01677,Germany,Bosnia and Herzegovina,19,12/03/2021,NRO
RO-01678,Austria,Armenia,1,11/03/2021,JRO
RO-01678,Austria,Georgia,7,11/03/2021,JRO
RO-01678,Czech Republic,Georgia,2,11/03/2021,JRO
RO-01678,Greece,Georgia,6,11/03/2021,JRO
RO-01678,Sweden,Georgia,2,11/03/2021,JRO
RO-01679,Germany,Afghanistan,26,09/03/2021,NRO
RO-01681,Germany,Kosovo,20,19/03/2021,JRO
RO-01681,Germany,Albania,23,19/03/2021,JRO
RO-01681,Sweden,Kosovo,1,19/03/2021,JRO
RO-01681,Sweden,Albania,5,19/03/2021,JRO
RO-01682,Belgium,Guinea,1,16/03/2021,JRO
RO-01682,Germany,Guinea,22,16/03/2021,JRO
RO-01682,Sweden,Guinea,1,16/03/2021,JRO
RO-01683,Germany,Pakistan,27,16/03/2021,JRO
RO-01683,Poland,Pakistan,2,16/03/2021,JRO
RO-01684,Germany,Georgia,41,25/03/2021,CRO
RO-01684,Italy,Georgia,4,25/03/2021,CRO
RO-01685,Poland,Colombia,1,23/03/2021,JRO
RO-01685,Portugal,Peru,1,23/03/2021,JRO
RO-01685,Spain,Colombia,59,23/03/2021,JRO
RO-01685,Spain,Peru,35,23/03/2021,JRO
RO-01685,Sweden,Colombia,5,23/03/2021,JRO
RO-01686,Germany,Ethiopia,17,23/03/2021,JRO
RO-01686,Sweden,Ethiopia,2,23/03/2021,JRO
RO-01687,Germany,Ghana,15,23/03/2021,NRO
RO-01689,Germany,Sri Lanka,20,30/03/2021,JRO
RO-01689,Switzerland,Sri Lanka,4,30/03/2021,JRO
RO-01690,Germany,Armenia,34,31/03/2021,NRO
RO-01691,Austria,Afghanistan,15,30/03/2021,JRO
RO-01691,Bulgaria,Afghanistan,1,30/03/2021,JRO
RO-01691,Hungary,Afghanistan,3,30/03/2021,JRO
RO-01691,Romania,Afghanistan,2,30/03/2021,JRO
RO-01691,Sweden,Afghanistan,8,30/03/2021,JRO
RO-01698,Italy,Tunisia,21,28/01/2021,NRO
RO-01699,Austria,Turkey,10,06/05/2021,NRO
RO-01702,Germany,Ukraine,31,29/03/2021,JRO
RO-01702,Norway,Ukraine,2,29/03/2021,JRO
RO-01703,Germany,Azerbaijan,32,31/03/2021,NRO
RO-01704,Greece,Georgia,10,02/03/2021,NRO
RO-01704,Greece,Pakistan,15,02/03/2021,NRO
RO-01705,Germany,Serbia,40,04/03/2021,NRO
RO-01706,Italy,Tunisia,21,08/02/2021,NRO
RO-01707,Germany,Georgia,48,25/02/2021,NRO
RO-01708,Czech Republic,Vietnam,5,16/06/2021,JRO
RO-01708,Hungary,Vietnam,2,16/06/2021,JRO
RO-01708,Lithuania,Vietnam,1,16/06/2021,JRO
RO-01708,Norway,Vietnam,4,16/06/2021,JRO
RO-01708,Poland,Vietnam,13,16/06/2021,JRO
RO-01708,Sweden,Vietnam,5,16/06/2021,JRO
RO-01709,France,Georgia,3,08/04/2021,CRO
RO-01709,Germany,Georgia,45,08/04/2021,CRO
RO-01709,Italy,Georgia,4,08/04/2021,CRO
RO-01710,Germany,Afghanistan,20,07/04/2021,NRO
RO-01711,France,Serbia,1,14/04/2021,JRO
RO-01711,France,Moldova,3,14/04/2021,JRO
RO-01711,Germany,Serbia,29,14/04/2021,JRO
RO-01711,Germany,Moldova,15,14/04/2021,JRO
RO-01712,Germany,North Macedonia,24,13/04/2021,NRO
RO-01712,Germany,Serbia,20,13/04/2021,NRO
RO-01713,Germany,Georgia,20,14/04/2021,JRO
RO-01713,Spain,Georgia,21,14/04/2021,JRO
RO-01713,Spain,Albania,24,14/04/2021,JRO
RO-01714,Austria,Pakistan,4,14/04/2021,JRO
RO-01714,Greece,Pakistan,20,14/04/2021,JRO
RO-01714,Sweden,Pakistan,1,14/04/2021,JRO
RO-01714,Switzerland,Pakistan,1,14/04/2021,JRO
RO-01715,Belgium,Kosovo,1,22/04/2021,JRO
RO-01715,Germany,Kosovo,4,22/04/2021,JRO
RO-01715,Germany,Albania,34,22/04/2021,JRO
RO-01717,Germany,Tunisia,21,21/04/2021,NRO
RO-01719,France,Kosovo,1,29/04/2021,JRO
RO-01719,France,Albania,3,29/04/2021,JRO
RO-01719,Germany,Kosovo,11,29/04/2021,JRO
RO-01719,Germany,Albania,46,29/04/2021,JRO
RO-01720,Germany,Azerbaijan,52,28/04/2021,NRO
RO-01721,Austria,Armenia,1,29/04/2021,JRO
RO-01721,Austria,Georgia,3,29/04/2021,JRO
RO-01721,Greece,Georgia,2,29/04/2021,JRO
RO-01723,Italy,Tunisia,13,11/02/2021,NRO
RO-01724,Italy,Tunisia,35,18/02/2021,NRO
RO-01725,Italy,Tunisia,2,15/02/2021,NRO
RO-01726,Germany,Armenia,28,15/04/2021,NRO
RO-01727,Germany,Pakistan,30,20/04/2021,NRO
RO-01729,Italy,Tunisia,16,22/02/2021,NRO
RO-01732,Germany,Albania,19,24/03/2021,NRO
RO-01732,Germany,Moldova,39,24/03/2021,NRO
RO-01733,France,Albania,18,20/04/2021,CRO
RO-01734,France,Albania,15,06/04/2021,CRO
RO-01734,Luxembourg,Albania,1,06/04/2021,CRO
RO-01735,Belgium,Albania,1,13/04/2021,CRO
RO-01735,France,Albania,15,13/04/2021,CRO
RO-01736,Italy,Tunisia,26,01/03/2021,NRO
RO-01737,France,Albania,10,02/03/2021,NRO
RO-01739,Italy,Tunisia,30,04/03/2021,NRO
RO-01740,France,Albania,18,09/03/2021,NRO
RO-01741,France,Albania,23,27/04/2021,NRO
RO-01743,Italy,Tunisia,11,08/03/2021,NRO
RO-01744,France,Albania,14,16/03/2021,NRO
RO-01745,France,Albania,13,23/03/2021,NRO
RO-01746,Italy,Tunisia,17,11/03/2021,NRO
RO-01747,Italy,Egypt,17,19/03/2021,NRO
RO-01749,France,Albania,16,30/03/2021,NRO
RO-01750,Germany,Georgia,36,06/05/2021,CRO
RO-01750,Italy,Georgia,5,06/05/2021,CRO
RO-01753,Germany,North Macedonia,11,11/05/2021,JRO
RO-01753,Germany,Serbia,19,11/05/2021,JRO
RO-01753,Sweden,North Macedonia,1,11/05/2021,JRO
RO-01753,Sweden,Serbia,1,11/05/2021,JRO
RO-01755,Germany,Georgia,56,20/05/2021,CRO
RO-01755,Italy,Georgia,4,20/05/2021,CRO
RO-01756,Germany,Pakistan,35,18/05/2021,NRO
RO-01757,Germany,Kosovo,19,17/05/2021,NRO
RO-01757,Germany,Albania,47,17/05/2021,NRO
RO-01758,Germany,Tunisia,25,19/05/2021,NRO
RO-01759,Belgium,Ghana,1,20/05/2021,JRO
RO-01759,Germany,Ghana,18,20/05/2021,JRO
RO-01760,Austria,Nigeria,16,26/05/2021,JRO
RO-01760,Germany,Nigeria,25,26/05/2021,JRO
RO-01760,Hungary,Nigeria,2,26/05/2021,JRO
RO-01762,Germany,Azerbaijan,28,01/06/2021,NRO
RO-01763,Germany,Kosovo,14,01/06/2021,NRO
RO-01763,Germany,Moldova,26,01/06/2021,NRO
RO-01764,Germany,North Macedonia,25,01/06/2021,NRO
RO-01764,Germany,Serbia,40,01/06/2021,NRO
RO-01765,Italy,Tunisia,24,18/03/2021,NRO
RO-01766,Germany,Armenia,27,18/05/2021,NRO
RO-01768,Italy,Tunisia,24,22/03/2021,NRO
RO-01769,Germany,Moldova,27,11/05/2021,NRO
RO-01769,Germany,Bosnia and Herzegovina,31,11/05/2021,NRO
RO-01770,Austria,Afghanistan,14,18/05/2021,JRO
RO-01770,Bulgaria,Afghanistan,2,18/05/2021,JRO
RO-01770,Finland,Afghanistan,2,18/05/2021,JRO
RO-01770,Romania,Afghanistan,14,18/05/2021,JRO
RO-01770,Sweden,Afghanistan,6,18/05/2021,JRO
RO-01771,Greece,Pakistan,10,11/05/2021,NRO
RO-01772,Italy,Tunisia,20,25/03/2021,NRO
RO-01773,Italy,Tunisia,21,29/03/2021,NRO
RO-01774,Italy,Tunisia,28,01/04/2021,NRO
RO-01775,Italy,Tunisia,17,08/04/2021,NRO
RO-01776,Italy,Egypt,15,13/04/2021,NRO
RO-01778,France,Albania,22,04/05/2021,NRO
RO-01779,France,Albania,20,11/05/2021,CRO
RO-01780,France,Albania,12,18/05/2021,CRO
RO-01781,France,Albania,26,25/05/2021,CRO
RO-01782,Italy,Tunisia,22,15/04/2021,NRO
RO-01783,Italy,Tunisia,27,19/04/2021,NRO
RO-01784,Italy,Tunisia,35,22/04/2021,NRO
RO-01785,Italy,Egypt,30,27/04/2021,NRO
RO-01786,Germany,Moldova,11,27/05/2021,JRO
RO-01786,Germany,Ukraine,21,27/05/2021,JRO
RO-01786,Sweden,Ukraine,1,27/05/2021,JRO
RO-01787,Germany,Egypt,19,02/06/2021,NRO
RO-01788,Germany,Georgia,51,10/06/2021,CRO
RO-01788,Italy,Georgia,3,10/06/2021,CRO
RO-01789,Germany,Afghanistan,42,08/06/2021,NRO
RO-01790,Germany,Armenia,31,15/06/2021,NRO
RO-01791,Austria,Afghanistan,6,15/06/2021,JRO
RO-01791,Bulgaria,Afghanistan,2,15/06/2021,JRO
RO-01791,Romania,Afghanistan,20,15/06/2021,JRO
RO-01791,Sweden,Afghanistan,3,15/06/2021,JRO
RO-01793,Germany,Tunisia,18,16/06/2021,NRO
RO-01794,Germany,Ghana,17,17/06/2021,NRO
RO-01795,Germany,Pakistan,47,22/06/2021,NRO
RO-01796,Germany,Egypt,20,24/06/2021,NRO
RO-01797,Austria,Kosovo,3,25/06/2021,JRO
RO-01797,Germany,Kosovo,22,25/06/2021,JRO
RO-01797,Germany,Albania,30,25/06/2021,JRO
RO-01798,Austria,Nigeria,4,22/06/2021,JRO
RO-01798,Germany,Nigeria,29,22/06/2021,JRO
RO-01798,Hungary,Nigeria,2,22/06/2021,JRO
RO-01798,Spain,Nigeria,12,22/06/2021,JRO
RO-01799,Germany,Guinea,17,28/06/2021,NRO
RO-01800,Germany,Georgia,52,01/07/2021,CRO
RO-01800,Italy,Georgia,4,01/07/2021,CRO
RO-01801,Luxembourg,Dominican Republic,1,16/06/2021,JRO
RO-01801,Spain,Colombia,58,16/06/2021,JRO
RO-01801,Spain,Dominican Republic,9,16/06/2021,JRO
RO-01801,Switzerland,Colombia,1,16/06/2021,JRO
RO-01802,Italy,Tunisia,28,26/04/2021,NRO
RO-01803,Germany,Azerbaijan,37,01/07/2021,NRO
RO-01805,Austria,Sri Lanka,1,09/06/2021,JRO
RO-01805,Germany,Sri Lanka,19,09/06/2021,JRO
RO-01805,Switzerland,Sri Lanka,8,09/06/2021,JRO
RO-01806,Germany,Georgia,16,26/05/2021,JRO
RO-01806,Germany,Albania,1,26/05/2021,JRO
RO-01806,Spain,Georgia,9,26/05/2021,JRO
RO-01806,Spain,Albania,22,26/05/2021,JRO
RO-01807,Italy,Tunisia,18,03/05/2021,NRO
RO-01808,Germany,Serbia,24,01/07/2021,NRO
RO-01808,Germany,Moldova,41,01/07/2021,NRO
RO-01809,France,Albania,35,01/06/2021,CRO
RO-01810,France,Albania,30,08/06/2021,CRO
RO-01812,France,Albania,27,15/06/2021,CRO
RO-01813,France,Albania,36,22/06/2021,CRO
RO-01814,France,Albania,27,29/06/2021,CRO
RO-01815,Italy,Tunisia,12,10/05/2021,NRO
RO-01816,Austria,Georgia,4,15/06/2021,JRO
RO-01816,Austria,Pakistan,2,15/06/2021,JRO
RO-01816,Czech Republic,Georgia,1,15/06/2021,JRO
RO-01816,Greece,Georgia,9,15/06/2021,JRO
RO-01816,Greece,Pakistan,12,15/06/2021,JRO
RO-01817,France,Albania,32,06/07/2021,CRO
RO-01818,Luxembourg,Georgia,5,07/07/2021,JRO
RO-01818,Luxembourg,Albania,3,07/07/2021,JRO
RO-01818,Spain,Georgia,15,07/07/2021,JRO
RO-01818,Spain,Albania,21,07/07/2021,JRO
RO-01820,Germany,Kosovo,9,15/07/2021,NRO
RO-01820,Germany,Albania,38,15/07/2021,NRO
RO-01821,Germany,Tunisia,22,14/07/2021,NRO
RO-01822,Germany,Georgia,42,15/07/2021,CRO
RO-01823,Germany,Ghana,14,13/07/2021,NRO
RO-01825,France,Albania,33,20/07/2021,CRO
RO-01827,Germany,Armenia,42,20/07/2021,NRO
RO-01829,Germany,Kosovo,4,22/07/2021,NRO
RO-01829,Germany,Albania,44,22/07/2021,NRO
RO-01830,Austria,Nigeria,9,27/07/2021,JRO
RO-01830,Germany,Nigeria,26,27/07/2021,JRO
RO-01832,Germany,Pakistan,25,28/07/2021,NRO
RO-01834,Germany,North Macedonia,22,30/07/2021,NRO
RO-01834,Germany,Serbia,52,30/07/2021,NRO
RO-01835,Germany,Georgia,36,29/07/2021,CRO
RO-01837,Italy,Egypt,16,21/05/2021,NRO
RO-01838,Belgium,Congo DR,5,02/06/2021,JRO
RO-01838,Switzerland,Congo DR,2,02/06/2021,JRO
RO-01839,Italy,Tunisia,19,17/05/2021,NRO
RO-01840,Italy,Tunisia,15,24/05/2021,NRO
RO-01841,Germany,Afghanistan,27,06/07/2021,NRO
RO-01842,Austria,Russia,16,15/07/2021,JRO
RO-01842,Germany,Russia,3,15/07/2021,JRO
RO-01843,Italy,Tunisia,39,27/05/2021,NRO
RO-01844,Greece,Georgia,5,20/07/2021,NRO
RO-01845,Germany,Armenia,13,27/07/2021,NRO
RO-01847,Italy,Egypt,21,04/06/2021,NRO
RO-01848,France,Kosovo,12,01/07/2021,NRO
RO-01849,Italy,Tunisia,21,07/06/2021,NRO
RO-01851,Italy,Tunisia,15,14/06/2021,NRO
RO-01853,Germany,Kosovo,17,13/08/2021,NRO
RO-01853,Germany,Albania,14,13/08/2021,NRO
RO-01854,Germany,Kosovo,3,10/08/2021,NRO
RO-01854,Germany,Moldova,19,10/08/2021,NRO
RO-01857,Germany,Tunisia,8,11/08/2021,NRO
RO-01858,Germany,Georgia,48,12/08/2021,CRO
RO-01858,Italy,Georgia,2,12/08/2021,CRO
RO-01860,Germany,Pakistan,40,23/08/2021,NRO
RO-01861,Germany,North Macedonia,9,27/08/2021,NRO
RO-01861,Germany,Serbia,44,27/08/2021,NRO
RO-01862,Austria,Nigeria,5,24/08/2021,JRO
RO-01862,Germany,Nigeria,27,24/08/2021,JRO
RO-01866,Italy,Tunisia,17,17/06/2021,NRO
RO-01867,Italy,Egypt,38,21/06/2021,NRO
RO-01868,France,Albania,35,03/08/2021,CRO
RO-01869,France,Albania,35,17/08/2021,CRO
RO-01870,Belgium,Albania,2,31/08/2021,CRO
RO-01870,France,Albania,36,31/08/2021,CRO
RO-01871,Austria,Turkey,10,19/08/2021,NRO
RO-01872,Italy,Tunisia,7,24/06/2021,NRO
RO-01873,Germany,Ukraine,39,23/07/2021,NRO
RO-01874,Italy,Tunisia,11,28/06/2021,NRO
RO-01875,Germany,Albania,44,04/08/2021,NRO
RO-01876,Italy,Egypt,20,02/07/2021,NRO
RO-01877,Italy,Tunisia,16,01/07/2021,NRO
RO-01879,Austria,Pakistan,4,01/09/2021,JRO
RO-01879,Greece,Pakistan,10,01/09/2021,JRO
RO-01882,Italy,Egypt,22,13/07/2021,NRO
RO-01884,Germany,Ghana,21,02/09/2021,NRO
RO-01885,Italy,Tunisia,14,12/07/2021,NRO
RO-01887,Austria,Armenia,1,09/09/2021,JRO
RO-01887,Austria,Georgia,3,09/09/2021,JRO
RO-01887,Czech Republic,Georgia,1,09/09/2021,JRO
RO-01887,Greece,Georgia,4,09/09/2021,JRO
RO-01888,Germany,Georgia,35,09/09/2021,CRO
RO-01892,Germany,Armenia,27,17/09/2021,NRO
RO-01893,Germany,Tunisia,20,15/09/2021,NRO
RO-01894,Germany,Azerbaijan,26,14/09/2021,NRO
RO-01896,Hungary,Peru,1,22/09/2021,JRO
RO-01896,Spain,Colombia,53,22/09/2021,JRO
RO-01896,Spain,Peru,21,22/09/2021,JRO
RO-01897,Austria,Nigeria,13,21/09/2021,JRO
RO-01897,Bulgaria,Nigeria,2,21/09/2021,JRO
RO-01897,Czech Republic,Nigeria,1,21/09/2021,JRO
RO-01897,Germany,Nigeria,29,21/09/2021,JRO
RO-01897,Lithuania,Nigeria,1,21/09/2021,JRO
RO-01897,Poland,Nigeria,1,21/09/2021,JRO
RO-01898,Germany,Georgia,27,23/09/2021,CRO
RO-01899,Bulgaria,Pakistan,1,21/09/2021,JRO
RO-01899,Germany,Pakistan,44,21/09/2021,JRO
RO-01900,Germany,Tunisia,23,29/09/2021,NRO
RO-01901,Germany,Ghana,17,29/09/2021,NRO
RO-01902,Italy,Egypt,15,27/07/2021,NRO
RO-01903,Italy,Tunisia,17,22/07/2021,NRO
RO-01904,Italy,Tunisia,15,29/07/2021,NRO
RO-01905,Italy,Tunisia,13,05/08/2021,NRO
RO-01906,Austria,Russia,5,28/09/2021,JRO
RO-01906,Belgium,Russia,1,28/09/2021,JRO
RO-01906,Germany,Russia,39,28/09/2021,JRO
RO-01907,France,Albania,31,10/08/2021,CRO
RO-01909,Italy,Tunisia,29,05/07/2021,NRO
RO-01911,Italy,Tunisia,17,09/08/2021,NRO
RO-01912,France,Albania,33,07/09/2021,CRO
RO-01913,France,Albania,32,14/09/2021,CRO
RO-01914,France,Albania,31,21/09/2021,CRO
RO-01915,France,Albania,29,28/09/2021,CRO
RO-01916,Italy,Tunisia,33,12/08/2021,NRO
RO-01917,Germany,Russia,34,31/08/2021,NRO
RO-01918,Italy,Tunisia,9,16/08/2021,NRO
RO-01919,Italy,Tunisia,16,19/08/2021,NRO
RO-01921,Italy,Tunisia,21,23/08/2021,NRO
RO-01922,Spain,Georgia,11,06/10/2021,NRO
RO-01922,Spain,Albania,27,06/10/2021,NRO
RO-01923,Germany,North Macedonia,19,08/10/2021,NRO
RO-01923,Germany,Serbia,32,08/10/2021,NRO
RO-01925,Germany,Armenia,29,13/10/2021,NRO
RO-01926,Germany,Kosovo,26,15/10/2021,NRO
RO-01926,Germany,Albania,43,15/10/2021,NRO
RO-01927,Germany,Tunisia,19,13/10/2021,NRO
RO-01929,Germany,North Macedonia,16,14/10/2021,NRO
RO-01929,Germany,Serbia,28,14/10/2021,NRO
RO-01930,Germany,Pakistan,32,18/10/2021,NRO
RO-01931,Germany,Georgia,49,21/10/2021,CRO
RO-01933,Germany,Russia,46,26/10/2021,NRO
RO-01935,Austria,Bangladesh,5,26/10/2021,JRO
RO-01935,Germany,Bangladesh,33,26/10/2021,JRO
RO-01935,Romania,Bangladesh,1,26/10/2021,JRO
RO-01937,Italy,Tunisia,31,26/08/2021,NRO
RO-01938,Italy,Egypt,13,31/08/2021,NRO
RO-01939,France,Georgia,16,14/10/2021,CRO
RO-01940,Italy,Tunisia,23,30/08/2021,NRO
RO-01941,Germany,Serbia,7,14/09/2021,NRO
RO-01941,Germany,Moldova,45,14/09/2021,NRO
RO-01943,Italy,Tunisia,38,02/09/2021,NRO
RO-01944,Italy,Tunisia,25,06/09/2021,NRO
RO-01945,Italy,Egypt,20,07/09/2021,NRO
RO-01946,Italy,Tunisia,15,09/09/2021,NRO
RO-01947,Italy,Nigeria,19,02/10/2021,NRO
RO-01949,Italy,Tunisia,7,13/09/2021,NRO
RO-01950,Italy,Tunisia,26,16/09/2021,NRO
RO-01951,Germany,Moldova,30,12/10/2021,NRO
RO-01951,Germany,Ukraine,2,12/10/2021,NRO
RO-01952,Italy,Tunisia,15,20/09/2021,NRO
RO-01953,Germany,Georgia,42,04/11/2021,CRO
RO-01953,Italy,Georgia,7,04/11/2021,CRO
RO-01954,Austria,Pakistan,10,11/11/2021,JRO
RO-01954,Germany,Pakistan,49,11/11/2021,JRO
RO-01954,Romania,Pakistan,6,11/11/2021,JRO
RO-01956,Germany,Azerbaijan,43,25/11/2021,NRO
RO-01957,Austria,Kosovo,3,17/11/2021,JRO
RO-01957,Austria,Albania,2,17/11/2021,JRO
RO-01957,Germany,Kosovo,17,17/11/2021,JRO
RO-01957,Germany,Albania,34,17/11/2021,JRO
RO-01957,Sweden,Kosovo,5,17/11/2021,JRO
RO-01957,Sweden,Albania,2,17/11/2021,JRO
RO-01958,Germany,Russia,40,23/11/2021,NRO
RO-01959,Germany,Tunisia,23,24/11/2021,NRO
RO-01961,Austria,Nigeria,9,23/11/2021,JRO
RO-01961,Germany,Nigeria,21,23/11/2021,JRO
RO-01961,Hungary,Nigeria,2,23/11/2021,JRO
RO-01963,Germany,Ghana,22,30/11/2021,NRO
RO-01964,Spain,Georgia,11,01/12/2021,NRO
RO-01964,Spain,Albania,18,01/12/2021,NRO
RO-01965,Italy,Tunisia,11,23/09/2021,NRO
RO-01966,France,Albania,34,19/10/2021,CRO
RO-01967,France,Albania,28,26/10/2021,CRO
RO-01968,Belgium,Albania,1,12/10/2021,CRO
RO-01968,France,Albania,32,12/10/2021,CRO
RO-01969,France,Albania,29,05/10/2021,CRO
RO-01970,Italy,Tunisia,31,24/09/2021,NRO
RO-01971,Germany,Albania,15,10/11/2021,JRO
RO-01971,Germany,Moldova,28,10/11/2021,JRO
RO-01971,Sweden,Albania,4,10/11/2021,JRO
RO-01972,Germany,Georgia,41,18/11/2021,CRO
RO-01973,Germany,Georgia,44,02/12/2021,CRO
RO-01973,Sweden,Georgia,13,02/12/2021,CRO
RO-01974,Austria,Armenia,1,04/11/2021,NRO
RO-01974,Austria,Georgia,10,04/11/2021,NRO
RO-01975,Bulgaria,Dominican Republic,1,15/12/2021,JRO
RO-01975,Spain,Colombia,51,15/12/2021,JRO
RO-01975,Spain,Dominican Republic,9,15/12/2021,JRO
RO-01976,Germany,Nigeria,13,21/12/2021,NRO
RO-01978,Germany,Tunisia,15,15/12/2021,NRO
RO-01979,Bulgaria,Russia,1,21/12/2021,JRO
RO-01979,Germany,Russia,60,21/12/2021,JRO
RO-01980,Italy,Tunisia,28,27/09/2021,NRO
RO-01981,Germany,Senegal,15,08/11/2021,JRO
RO-01981,Spain,Senegal,1,08/11/2021,JRO
RO-01982,Austria,Russia,10,02/12/2021,NRO
RO-01983,Germany,Armenia,44,16/11/2021,NRO
RO-01984,Italy,Tunisia,39,30/09/2021,NRO
RO-01985,Italy,Tunisia,23,01/10/2021,NRO
RO-01986,Austria,Nigeria,12,12/10/2021,JRO
RO-01986,Norway,Nigeria,5,12/10/2021,JRO
RO-01987,Italy,Tunisia,33,07/10/2021,NRO
RO-01988,Germany,Montenegro,42,08/12/2021,NRO
RO-01989,Italy,Egypt,25,09/10/2021,NRO
RO-01990,France,Georgia,23,10/11/2021,CRO
RO-01991,Germany,Moldova,17,30/11/2021,JRO
RO-01991,Germany,Ukraine,39,30/11/2021,JRO
RO-01991,Spain,Ukraine,7,30/11/2021,JRO
RO-01992,Italy,Tunisia,23,11/10/2021,NRO
RO-01993,Italy,Tunisia,21,14/10/2021,NRO
RO-01994,Belgium,Albania,1,09/11/2021,CRO
RO-01994,France,Albania,35,09/11/2021,CRO
RO-01995,France,Albania,34,16/11/2021,CRO
RO-01996,France,Albania,30,23/11/2021,CRO
RO-01997,France,Albania,28,30/11/2021,CRO
RO-01998,France,Albania,32,03/11/2021,CRO
RO-01999,Germany,Iraq,12,07/12/2021,NRO
RO-02000,Bulgaria,Armenia,1,14/12/2021,JRO
RO-02000,Germany,Armenia,19,14/12/2021,JRO
RO-02000,Sweden,Armenia,1,14/12/2021,JRO
RO-02001,Germany,Georgia,55,14/12/2021,CRO
RO-02002,Germany,Pakistan,40,14/12/2021,NRO
RO-02003,Italy,Tunisia,40,18/10/2021,NRO
RO-02004,Italy,Tunisia,17,21/10/2021,NRO
RO-02005,Italy,Tunisia,35,22/10/2021,NRO
RO-02006,Italy,Tunisia,24,28/10/2021,NRO
RO-02007,Germany,Kosovo,21,16/12/2021,NRO
RO-02007,Germany,Albania,45,16/12/2021,NRO
RO-02008,Germany,Kosovo,10,01/12/2021,NRO
RO-02008,Germany,Moldova,26,01/12/2021,NRO
RO-02010,Italy,Nigeria,32,04/12/2021,JRO
RO-02010,Slovenia,Nigeria,1,04/12/2021,JRO
RO-02011,Italy,Tunisia,22,01/11/2021,NRO
RO-02012,Italy,Tunisia,24,04/11/2021,NRO
RO-02013,Italy,Tunisia,35,11/11/2021,NRO
RO-02014,Austria,Bangladesh,1,20/12/2021,JRO
RO-02014,Greece,Bangladesh,19,20/12/2021,JRO
RO-02015,France,Albania,30,14/12/2021,CRO
RO-02016,Belgium,Albania,1,28/12/2021,CRO
RO-02016,France,Albania,20,28/12/2021,CRO
RO-02017,France,Albania,25,21/12/2021,CRO
RO-02018,France,Albania,28,07/12/2021,CRO
RO-02019,Germany,Moldova,38,16/12/2021,NRO
RO-02020,Germany,Serbia,45,30/11/2021,NRO
RO-02022,Italy,Tunisia,32,15/11/2021,NRO
RO-02028,Italy,Tunisia,35,18/11/2021,NRO
RO-02029,Italy,Tunisia,37,22/11/2021,NRO
RO-02038,Italy,Tunisia,34,25/11/2021,NRO
RO-02040,Italy,Tunisia,27,29/11/2021,NRO
RO-02041,Italy,Tunisia,15,02/12/2021,NRO
RO-02042,Italy,Tunisia,25,06/12/2021,NRO
RO-02043,Spain,Mauritania,13,22/12/2021,NRO
RO-02044,Italy,Egypt,9,15/12/2021,NRO
RO-02048,Italy,Tunisia,19,13/12/2021,NRO
RO-02053,Italy,Tunisia,22,20/12/2021,NRO
RO-02065,Italy,Tunisia,25,30/12/2021,NRO
