ID,OPTYPE,N_RETURNEES,N_FX_STAFF,N_ESC_OBS_MED,N_ESC,N_ESC_LEAD,N_MEDS,N_OBS,N_MONITORS,FX_CONTRIB
2006_1,NA,8,NA,NA,NA,NA,NA,NA,NA,NA
2007_1,JRO,28,NA,NA,NA,NA,NA,NA,NA,NA
2007_10,JRO,57,NA,NA,NA,NA,NA,NA,NA,NA
2007_11,JRO,48,NA,NA,NA,NA,NA,NA,NA,NA
2007_12,JRO,13,NA,NA,NA,NA,NA,NA,NA,NA
2007_13,JRO,23,NA,NA,NA,NA,NA,NA,NA,NA
2007_2,JRO,50,NA,NA,NA,NA,NA,NA,NA,NA
2007_3,JRO,21,NA,NA,NA,NA,NA,NA,NA,NA
2007_4,JRO,26,NA,NA,NA,NA,NA,NA,NA,NA
2007_5,JRO,22,NA,NA,NA,NA,NA,NA,NA,NA
2007_6,JRO,75,NA,NA,NA,NA,NA,NA,NA,NA
2007_7,JRO,36,NA,NA,NA,NA,NA,NA,NA,NA
2007_8,JRO,13,NA,NA,NA,NA,NA,NA,NA,NA
2007_9,JRO,16,NA,NA,NA,NA,NA,NA,NA,NA
2008_1,JRO,26,NA,NA,NA,NA,NA,NA,NA,NA
2008_10,JRO,31,NA,NA,NA,NA,NA,NA,NA,NA
2008_11,JRO,80,NA,NA,NA,NA,NA,NA,NA,NA
2008_12,JRO,44,NA,NA,NA,NA,NA,NA,NA,NA
2008_13,JRO,69,NA,NA,NA,NA,NA,NA,NA,NA
2008_14,JRO,91,NA,NA,NA,NA,NA,NA,NA,NA
2008_15,JRO,34,NA,NA,NA,NA,NA,NA,NA,NA
2008_2,JRO,103,NA,NA,NA,NA,NA,NA,NA,NA
2008_3,JRO,6,NA,NA,NA,NA,NA,NA,NA,NA
2008_4,JRO,51,NA,NA,NA,NA,NA,NA,NA,NA
2008_5,JRO,17,NA,NA,NA,NA,NA,NA,NA,NA
2008_6,JRO,69,NA,NA,NA,NA,NA,NA,NA,NA
2008_7,JRO,99,NA,NA,NA,NA,NA,NA,NA,NA
2008_8,JRO,38,NA,NA,NA,NA,NA,NA,NA,NA
2008_9,JRO,41,NA,NA,NA,NA,NA,NA,NA,NA
2009_1,JRO,86,NA,159,NA,NA,NA,NA,NA,NA
2009_10,JRO,62,NA,146,NA,NA,NA,NA,NA,296930.93
2009_11,JRO,32,NA,49,NA,NA,NA,NA,NA,75416.85
2009_12,JRO,40,NA,69,NA,NA,NA,NA,NA,171091.38
2009_13,JRO,29,NA,65,NA,NA,NA,NA,NA,NA
2009_14,JRO,35,NA,113,NA,NA,NA,NA,NA,312984.63
2009_15,JRO,112,NA,54,NA,NA,NA,NA,NA,379317.7
2009_16,JRO,42,NA,96,NA,NA,NA,NA,NA,224007.68
2009_17,JRO,96,NA,158,NA,NA,NA,NA,NA,NA
2009_18,JRO,50,NA,133,NA,NA,NA,NA,NA,NA
2009_19,JRO,14,NA,32,NA,NA,NA,NA,NA,84204.04
2009_2,JRO,96,NA,160,NA,NA,NA,NA,NA,NA
2009_20,JRO,50,NA,129,NA,NA,NA,NA,NA,391252.77
2009_21,JRO,50,NA,68,NA,NA,NA,NA,NA,118120.91
2009_22,JRO,85,NA,131,NA,NA,NA,NA,NA,NA
2009_23,JRO,50,NA,129,NA,NA,NA,NA,NA,NA
2009_24,JRO,30,NA,58,NA,NA,NA,NA,NA,NA
2009_25,JRO,30,NA,76,NA,NA,NA,NA,NA,132832.6
2009_26,JRO,58,NA,77,NA,NA,NA,NA,NA,NA
2009_27,JRO,63,NA,83,NA,NA,NA,NA,NA,199213.56
2009_28,JRO,47,NA,128,NA,NA,NA,NA,NA,266958.56
2009_29,JRO,23,NA,68,NA,NA,NA,NA,NA,107769.87000000001
2009_3,JRO,51,NA,127,NA,NA,NA,NA,NA,238466.47999999998
2009_30,JRO,51,NA,121,NA,NA,NA,NA,NA,273468.2
2009_31,JRO,74,NA,76,NA,NA,NA,NA,NA,96312.75
2009_32,JRO,52,NA,62,NA,NA,NA,NA,NA,NA
2009_4,JRO,38,NA,100,NA,NA,NA,NA,NA,201756.19
2009_5,JRO,8,NA,30,NA,NA,NA,NA,NA,52115
2009_6,JRO,61,NA,86,NA,NA,NA,NA,NA,172360.77
2009_7,JRO,52,NA,129,NA,NA,NA,NA,NA,384967.64
2009_8,JRO,47,NA,99,NA,NA,NA,NA,NA,181606.42
2009_9,JRO,6,NA,NA,NA,NA,NA,NA,NA,NA
2010_1,JRO,53,NA,86,NA,NA,NA,NA,NA,149193.29
2010_10,JRO,46,NA,138,NA,NA,NA,NA,NA,328298.43
2010_11,JRO,31,NA,47,NA,NA,NA,NA,1,77369.79000000001
2010_12,JRO,51,NA,137,NA,NA,NA,NA,NA,296838.73
2010_13,JRO,30,NA,96,NA,NA,NA,NA,1,169398.09
2010_14,JRO,27,NA,41,NA,NA,NA,NA,NA,86781.13
2010_15,JRO,85,NA,141,NA,NA,NA,NA,NA,144657.28999999998
2010_16,JRO,32,NA,1,NA,NA,NA,NA,NA,248092.52
2010_17,JRO,28,NA,55,NA,NA,NA,NA,NA,NA
2010_18,JRO,28,NA,57,NA,NA,NA,NA,NA,127490.68
2010_19,JRO,45,NA,113,NA,NA,NA,NA,1,197398.83000000002
2010_2,JRO,63,NA,160,NA,NA,NA,NA,1,381477.89
2010_20,JRO,97,NA,144,NA,NA,NA,NA,1,518940.78
2010_21,JRO,54,NA,62,NA,NA,NA,NA,NA,125847.06999999999
2010_22,JRO,22,NA,54,NA,NA,NA,NA,NA,147624.2
2010_23,JRO,56,NA,139,NA,NA,NA,NA,1,379583.5
2010_24,JRO,43,NA,112,NA,NA,NA,NA,1,324972.18
2010_25,JRO,45,NA,125,NA,NA,NA,NA,NA,262235.81
2010_26,JRO,60,NA,95,NA,NA,NA,NA,1,147346.85
2010_27,JRO,36,NA,81,NA,NA,NA,NA,NA,186143.27
2010_28,JRO,61,NA,69,NA,NA,NA,NA,2,129136.38
2010_29,JRO,57,NA,117,NA,NA,NA,NA,1,302733.54000000004
2010_3,JRO,118,NA,156,NA,NA,NA,NA,NA,491387.56
2010_30,JRO,54,NA,132,NA,NA,NA,NA,NA,349600.51999999996
2010_31,JRO,65,NA,84,NA,NA,NA,NA,1,104217.68
2010_32,JRO,59,NA,87,NA,NA,NA,NA,1,129295.81
2010_33,JRO,48,NA,117,NA,NA,NA,NA,NA,283709.84
2010_34,JRO,36,NA,112,NA,NA,NA,NA,NA,46798.05
2010_35,JRO,24,NA,54,NA,NA,NA,NA,NA,141692.88
2010_36,JRO,94,NA,NA,NA,NA,NA,NA,NA,63152.63
2010_37,JRO,60,NA,156,NA,NA,NA,NA,NA,423939.69
2010_38,JRO,75,NA,83,NA,NA,NA,NA,NA,114627.62
2010_39,JRO,NA,NA,NA,NA,NA,NA,NA,NA,NA
2010_4,JRO,NA,NA,NA,NA,NA,NA,NA,NA,273206.03
2010_5,JRO,77,NA,172,NA,NA,NA,NA,NA,385428.09
2010_6,JRO,54,NA,62,NA,NA,NA,NA,2,77513.67
2010_7,JRO,35,NA,87,NA,NA,NA,NA,NA,275272.66
2010_8,JRO,44,NA,110,NA,NA,NA,NA,NA,174665.68
2010_9,JRO,48,NA,108,NA,NA,NA,NA,NA,361657.46
2011_1,JRO,59,NA,162,NA,NA,NA,NA,2,399683.83
2011_10,JRO,44,2,129,NA,NA,NA,NA,2,375472.64999999997
2011_11,JRO,77,1,74,NA,NA,NA,NA,1,116806.87
2011_12,JRO,40,1,97,NA,NA,NA,NA,NA,154487.11000000002
2011_13,JRO,54,1,156,NA,NA,NA,NA,NA,NA
2011_14,JRO,57,1,129,NA,NA,NA,NA,1,176154.59
2011_15,JRO,37,NA,92,NA,NA,NA,NA,NA,3425.76
2011_16,JRO,56,1,68,NA,NA,NA,NA,NA,101236.12
2011_17,JRO,36,1,112,NA,NA,NA,NA,NA,343221.09
2011_18,JRO,49,1,102,NA,NA,NA,NA,NA,271283.63
2011_19,JRO,33,1,47,NA,NA,NA,NA,1,87732.01000000001
2011_2,JRO,109,NA,128,NA,NA,NA,NA,NA,NA
2011_20,JRO,107,1,144,NA,NA,NA,NA,NA,3869.9700000000003
2011_21,JRO,41,2,108,NA,NA,NA,NA,2,430311.68000000005
2011_22,JRO,35,1,83,NA,NA,NA,NA,NA,1296.86
2011_23,JRO,84,NA,174,NA,NA,NA,NA,1,172337.24
2011_24,JRO,50,1,67,NA,NA,NA,NA,4,79339.36
2011_25,JRO,32,1,92,NA,NA,NA,NA,3,236639.87
2011_26,JRO,39,1,39,NA,NA,NA,NA,NA,78171.86
2011_27,JRO,47,1,133,NA,NA,NA,NA,NA,278548.76
2011_28,JRO,51,1,128,NA,NA,NA,NA,NA,301997.33
2011_29,JRO,39,1,103,NA,NA,NA,NA,2,235814.97999999998
2011_3,JRO,85,NA,163,NA,NA,NA,NA,NA,517810.43
2011_30,JRO,38,1,89,NA,NA,NA,NA,NA,203025.61
2011_31,JRO,101,1,47,NA,NA,NA,NA,NA,93691.89
2011_32,JRO,59,1,75,NA,NA,NA,NA,1,111588.48
2011_33,JRO,19,NA,47,NA,NA,NA,NA,NA,87855.19
2011_34,JRO,NA,NA,NA,NA,NA,NA,NA,NA,139683.24
2011_35,JRO,30,NA,90,NA,NA,NA,NA,1,206660.81
2011_36,JRO,84,1,170,NA,NA,NA,NA,NA,533858.11
2011_37,JRO,19,NA,33,NA,NA,NA,NA,NA,63123.6
2011_38,JRO,92,1,145,NA,NA,NA,NA,NA,453096.12
2011_39,JRO,49,NA,132,NA,NA,NA,NA,NA,282641.35
2011_4,JRO,60,2,91,NA,NA,NA,NA,NA,134913.32
2011_40,JRO,76,NA,71,NA,NA,NA,NA,1,116541.15
2011_41,JRO,26,1,71,NA,NA,NA,NA,NA,176599.09
2011_42,JRO,49,1,116,NA,NA,NA,NA,1,270481.67
2011_5,JRO,8,1,NA,NA,NA,NA,NA,NA,289326.49
2011_6,JRO,31,1,70,NA,NA,NA,NA,1,183067.09
2011_7,JRO,92,1,193,NA,NA,NA,NA,NA,355081.33999999997
2011_8,JRO,56,1,134,NA,NA,NA,NA,NA,308654.23000000004
2011_9,JRO,31,1,66,NA,NA,NA,NA,NA,138635.97999999998
2012_1,JRO,25,1,65,NA,NA,NA,NA,1,102901.35
2012_10,JRO,6,1,29,NA,NA,NA,NA,NA,138460.06
2012_11,JRO,92,1,84,NA,NA,NA,NA,NA,108670.31999999999
2012_12,JRO,33,1,86,NA,NA,NA,NA,2,201860.78
2012_13,JRO,46,1,142,NA,NA,NA,NA,NA,273532.87
2012_14,JRO,72,1,92,NA,NA,NA,NA,1,74042.5
2012_15,JRO,44,1,102,NA,NA,NA,NA,1,219779.81
2012_16,JRO,33,NA,92,NA,NA,NA,NA,NA,NA
2012_17,JRO,100,1,75,NA,NA,NA,NA,NA,134400.41999999998
2012_18,JRO,28,1,76,NA,NA,NA,NA,1,242297.2
2012_19,JRO,30,1,80,NA,NA,NA,NA,NA,353724.7
2012_2,JRO,50,1,74,NA,NA,NA,NA,1,118865.03
2012_20,JRO,34,1,77,NA,NA,NA,NA,1,130673.56
2012_21,JRO,47,1,110,NA,NA,NA,NA,NA,361818.12999999995
2012_22,JRO,103,NA,NA,NA,NA,NA,NA,NA,941.64
2012_23,JRO,68,1,77,NA,NA,NA,NA,2,135691.03
2012_24,JRO,46,1,125,NA,NA,NA,NA,NA,285483.77999999997
2012_25,JRO,43,NA,108,NA,NA,NA,NA,NA,277484.11
2012_26,JRO,72,1,81,NA,NA,NA,NA,1,92278.63
2012_27,JRO,54,2,140,NA,NA,NA,NA,1,390456.71
2012_28,JRO,58,1,83,NA,NA,NA,NA,1,124475.2
2012_29,JRO,33,NA,NA,NA,NA,NA,NA,NA,6395.83
2012_3,JRO,99,1,163,NA,NA,NA,NA,NA,500989.45999999996
2012_30,JRO,NA,NA,NA,NA,NA,NA,NA,NA,89964.35
2012_31,JRO,41,1,111,NA,NA,NA,NA,1,164789.71
2012_32,JRO,42,1,112,NA,NA,NA,NA,1,238986.59
2012_33,JRO,59,1,134,NA,NA,NA,NA,NA,409437.79000000004
2012_34,JRO,87,1,80,NA,NA,NA,NA,NA,73462.51
2012_35,JRO,72,1,95,NA,NA,NA,NA,NA,124215.01
2012_36,JRO,79,1,92,NA,NA,NA,NA,NA,152962.87000000002
2012_37,JRO,50,1,149,NA,NA,NA,NA,NA,396568.56
2012_38,JRO,45,1,131,NA,NA,NA,NA,1,198091.61000000002
2012_4,JRO,35,1,109,NA,NA,NA,NA,NA,256586.66999999998
2012_5,JRO,71,1,55,NA,NA,NA,NA,NA,83068.88
2012_6,JRO,48,1,111,NA,NA,NA,NA,1,246309.72
2012_7,JRO,56,2,109,NA,NA,NA,NA,2,281769.27
2012_8,JRO,77,1,64,NA,NA,NA,NA,NA,99625.32
2012_9,JRO,25,1,76,NA,NA,NA,NA,NA,122785.86
2013_1,JRO,65,1,156,NA,NA,NA,NA,NA,41712.82000000001
2013_10,JRO,43,1,125,NA,NA,NA,NA,1,333267.43
2013_11,JRO,8,2,42,NA,NA,NA,NA,1,56910.6
2013_12,JRO,83,1,94,NA,NA,NA,NA,NA,128945.68000000001
2013_13,JRO,30,1,85,NA,NA,NA,NA,1,172764.47
2013_14,JRO,71,1,156,NA,NA,NA,NA,NA,498444.77999999997
2013_15,JRO,73,1,78,NA,NA,NA,NA,1,113442
2013_16,JRO,52,1,117,NA,NA,NA,NA,3,129687.91
2013_17,JRO,42,1,108,NA,NA,NA,NA,NA,194571.86000000002
2013_18,JRO,38,1,114,NA,NA,NA,NA,1,391001.86
2013_19,JRO,34,NA,108,NA,NA,NA,NA,2,41638.47
2013_2,JRO,110,1,163,NA,NA,NA,NA,NA,318957.13
2013_20,JRO,67,1,57,NA,NA,NA,NA,NA,101190.26
2013_21,JRO,47,1,132,NA,NA,NA,NA,NA,194900.31
2013_22,JRO,66,NA,76,NA,NA,NA,NA,NA,109945.47
2013_23,JRO,40,1,110,NA,NA,NA,NA,NA,259732.21000000002
2013_24,JRO,47,1,122,NA,NA,NA,NA,NA,273116.8
2013_25,JRO,81,1,64,NA,NA,NA,NA,NA,121320.41
2013_26,JRO,86,1,138,NA,NA,NA,NA,NA,317421.18
2013_27,JRO,75,1,97,NA,NA,NA,NA,1,155108.6
2013_28,JRO,18,2,64,NA,NA,NA,NA,1,174311.84
2013_29,JRO,62,1,121,NA,NA,NA,NA,NA,174669.63
2013_3,JRO,25,1,80,NA,NA,NA,NA,1,308116.79
2013_30,JRO,77,1,58,NA,NA,NA,NA,NA,76918.23
2013_31,JRO,31,1,87,NA,NA,NA,NA,NA,303160.69
2013_32,JRO,45,1,109,NA,NA,NA,NA,2,481220.33
2013_33,JRO,44,NA,116,NA,NA,NA,NA,NA,204192.9
2013_34,JRO,41,1,86,NA,NA,NA,NA,NA,258752.81
2013_35,JRO,31,1,6,NA,NA,NA,NA,2,113511.18000000001
2013_36,JRO,23,NA,67,NA,NA,NA,NA,2,6025.11
2013_37,JRO,93,NA,147,NA,NA,NA,NA,2,287051.92
2013_38,JRO,37,1,68,NA,NA,NA,NA,1,109989.91
2013_4,JRO,38,1,97,NA,NA,NA,NA,NA,203693.82
2013_5,JRO,54,1,108,NA,NA,NA,NA,NA,250598.77
2013_6,JRO,43,1,114,NA,NA,NA,NA,NA,270182.89
2013_7,JRO,34,1,176,NA,NA,NA,NA,1,92283.58
2013_8,JRO,112,4,87,NA,NA,NA,NA,NA,163963.44
2013_9,JRO,98,NA,151,NA,NA,NA,NA,NA,9344.05
2014_1,JRO,42,NA,111,NA,NA,NA,NA,NA,2331.37
2014_10,JRO,45,1,89,NA,NA,NA,NA,1,112886.43
2014_11,JRO,32,1,84,NA,NA,NA,NA,NA,48467.99
2014_12,JRO,50,1,152,NA,NA,NA,NA,NA,383662.58999999997
2014_13,JRO,29,1,46,NA,NA,NA,NA,NA,166305.66
2014_14,JRO,74,1,90,NA,NA,NA,NA,NA,187646.69
2014_15,JRO,65,1,NA,NA,NA,NA,NA,NA,42462.56
2014_16,JRO,43,1,135,NA,NA,NA,NA,1,333213.73
2014_17,JRO,71,1,116,NA,NA,NA,NA,1,140124.88
2014_18,JRO,50,1,143,NA,NA,NA,NA,1,328707.77999999997
2014_19,JRO,20,1,64,NA,NA,NA,NA,4,7296.879999999999
2014_2,JRO,41,NA,106,NA,NA,NA,NA,NA,55950.04
2014_20,JRO,44,1,68,NA,NA,NA,NA,1,221767.94
2014_21,CRO,51,1,37,NA,NA,NA,NA,3,30304.12
2014_22,JRO,27,NA,69,NA,NA,NA,NA,NA,465187.76
2014_23,JRO,94,1,130,NA,NA,NA,NA,NA,1599.7
2014_24,JRO,26,1,90,NA,NA,NA,NA,2,347664.33999999997
2014_25,JRO,44,1,106,NA,NA,NA,NA,2,275015.52
2014_26,JRO,43,1,44,NA,NA,NA,NA,1,72343.78
2014_27,JRO,45,1,121,NA,NA,NA,NA,NA,261615.62
2014_28,JRO,70,1,80,NA,NA,NA,NA,1,70993.49
2014_29,JRO,43,1,86,NA,NA,NA,NA,NA,781.99
2014_3,JRO,80,1,41,NA,NA,NA,NA,NA,64629.119999999995
2014_30,JRO,76,1,99,NA,NA,NA,NA,NA,165356.22
2014_31,CRO,15,2,64,NA,NA,NA,NA,4,110000.16
2014_32,JRO,60,1,79,NA,NA,NA,NA,1,106056.48999999999
2014_33,JRO,41,1,134,NA,NA,NA,NA,1,356368.04
2014_34,JRO,60,1,98,NA,NA,NA,NA,2,204965.66
2014_35,JRO,23,1,70,NA,NA,NA,NA,3,28259.52
2014_36,JRO,69,1,94,NA,NA,NA,NA,2,80108.36
2014_37,JRO,64,1,66,NA,NA,NA,NA,NA,94316.51
2014_38,CRO,18,2,52,NA,NA,NA,NA,3,132693.9
2014_39,JRO,50,1,72,NA,NA,NA,NA,1,38096.87
2014_4,JRO,62,1,166,NA,NA,NA,NA,2,302787.95
2014_40,JRO,26,1,66,NA,NA,NA,NA,NA,434454.38999999996
2014_41,JRO,NA,1,NA,NA,NA,NA,NA,NA,96927.84999999999
2014_42,JRO,75,2,148,NA,NA,NA,NA,5,238857.9
2014_43,JRO,47,1,137,NA,NA,NA,NA,6,403489.53
2014_44,JRO,42,NA,51,NA,NA,NA,NA,1,19663.68
2014_45,JRO,79,NA,98,NA,NA,NA,NA,NA,90591.66
2014_5,JRO,67,1,59,NA,NA,NA,NA,NA,74721.78
2014_6,CRO,48,1,2,NA,NA,NA,NA,1,102907.89
2014_7,JRO,49,NA,104,NA,NA,NA,NA,NA,58027.87
2014_8,JRO,27,1,69,NA,NA,NA,NA,1,220161.36
2014_9,JRO,101,1,157,NA,NA,NA,NA,NA,295183.75
2015_1,JRO,84,NA,53,NA,NA,NA,NA,NA,55482.83
2015_10,JRO,45,NA,140,NA,NA,NA,NA,1,381049.91
2015_11,JRO,68,1,99,NA,NA,NA,NA,NA,95807.36
2015_12,JRO,89,1,41,NA,NA,NA,NA,NA,52860.03999999999
2015_13,CRO,35,1,3,NA,NA,NA,NA,2,142560.88
2015_14,CRO,49,1,34,NA,NA,NA,NA,2,150949.64
2015_15,JRO,51,1,92,NA,NA,NA,NA,3,89546.36
2015_16,JRO,25,1,84,NA,NA,NA,NA,5,301697.4
2015_17,JRO,83,1,108,NA,NA,NA,NA,NA,98684.26999999999
2015_18,JRO,58,1,92,NA,NA,NA,NA,2,152039.85
2015_19,JRO,23,1,52,NA,NA,NA,NA,NA,163069.37
2015_2,JRO,60,1,94,NA,NA,NA,NA,3,98396.8
2015_20,JRO,54,1,141,NA,NA,NA,NA,NA,501662.3
2015_21,NRO,NA,NA,NA,NA,NA,NA,NA,NA,NA
2015_22,JRO,85,1,97,NA,NA,NA,NA,1,109106.56
2015_23,JRO,89,1,58,NA,NA,NA,NA,NA,89264.16
2015_24,JRO,44,2,146,NA,NA,NA,NA,1,300648.38
2015_25,CRO,50,1,34,NA,NA,NA,NA,2,61318.43
2015_26,JRO,44,1,72,NA,NA,NA,NA,NA,139166.94999999998
2015_27,JRO,16,NA,60,NA,NA,NA,NA,2,57791.770000000004
2015_28,JRO,115,1,50,NA,NA,NA,NA,NA,103919.95999999999
2015_29,JRO,11,1,34,NA,NA,NA,NA,NA,74574.5
2015_3,JRO,62,1,133,NA,NA,NA,NA,2,284262.01
2015_30,JRO,59,1,150,NA,NA,NA,NA,1,447336.64999999997
2015_31,JRO,58,1,55,NA,NA,NA,NA,NA,102320.57999999999
2015_32,JRO,22,1,39,NA,NA,NA,NA,NA,66316.97
2015_33,JRO,45,1,139,NA,NA,NA,NA,2,338196.56
2015_34,JRO,97,1,88,NA,NA,NA,NA,2,124941.34
2015_35,JRO,60,1,107,NA,NA,NA,NA,1,328494.18
2015_36,JRO,116,1,68,NA,NA,NA,NA,1,100921.68
2015_37,JRO,97,NA,79,NA,NA,NA,NA,1,61867.16
2015_38,JRO,66,1,65,NA,NA,NA,NA,1,112488.61
2015_39,JRO,49,1,138,NA,NA,NA,NA,NA,252618.98
2015_4,CRO,50,1,30,NA,NA,NA,NA,1,78344.82
2015_40,CRO,51,1,38,NA,NA,NA,NA,5,77212.99
2015_41,JRO,65,1,71,NA,NA,NA,NA,1,101764.89
2015_42,JRO,30,1,84,NA,NA,NA,NA,3,248928.52
2015_43,JRO,6,1,21,NA,NA,NA,NA,NA,124890.87000000001
2015_44,JRO,49,1,83,NA,NA,NA,NA,NA,109147.40000000001
2015_45,JRO,27,1,90,NA,NA,NA,NA,NA,292560.67
2015_46,JRO,28,1,85,NA,NA,NA,NA,3,293496.33999999997
2015_47,JRO,56,1,86,NA,NA,NA,NA,1,79702.68
2015_48,JRO,42,1,108,NA,NA,NA,NA,NA,216576.62000000002
2015_49,CRO,36,1,6,NA,NA,NA,NA,3,106517.04
2015_5,JRO,43,1,121,NA,NA,NA,NA,NA,256681.87
2015_50,JRO,20,1,61,NA,NA,NA,NA,3,164795.99
2015_51,JRO,56,1,109,NA,NA,NA,NA,NA,313074.54
2015_52,JRO,83,1,85,NA,NA,NA,NA,2,162933.85
2015_53,JRO,49,1,110,NA,NA,NA,NA,NA,255837.75
2015_54,JRO,17,1,55,NA,NA,NA,NA,2,307194.32
2015_55,JRO,47,1,103,NA,NA,NA,NA,1,253710.02000000002
2015_56,JRO,92,1,60,NA,NA,NA,NA,NA,72092.08
2015_57,JRO,50,1,127,NA,NA,NA,NA,1,256065.5
2015_58,JRO,69,1,138,NA,NA,NA,NA,3,180112.93
2015_59,CRO,65,1,NA,NA,NA,NA,NA,2,44954.19
2015_6,JRO,20,1,75,NA,NA,NA,NA,4,289802.48
2015_60,NA,NA,NA,NA,NA,NA,NA,NA,1,NA
2015_61,JRO,64,1,111,NA,NA,NA,NA,NA,155624.66999999998
2015_62,JRO,103,1,91,NA,NA,NA,NA,2,147114.34
2015_63,JRO,25,1,68,NA,NA,NA,NA,NA,172552.62
2015_64,JRO,146,2,111,NA,NA,NA,NA,NA,247357.45
2015_65,JRO,93,1,53,NA,NA,NA,NA,2,105351.54
2015_66,JRO,28,1,104,NA,NA,NA,NA,NA,234741.404
2015_7,JRO,73,1,105,NA,NA,NA,NA,2,131473.98
2015_8,JRO,77,NA,94,NA,NA,NA,NA,1,72316.79999999999
2015_9,JRO,54,1,92,NA,NA,NA,NA,NA,272573.89
2016_1,JRO,88,2,86,NA,NA,NA,NA,NA,179629.3
2016_10,JRO,55,1,50,NA,NA,NA,NA,1,75291.6
2016_100,JRO,72,NA,51,NA,NA,NA,NA,NA,NA
2016_101,NRO,65,NA,NA,NA,NA,NA,NA,NA,60178.17
2016_102,JRO,51,1,55,NA,NA,NA,NA,1,NA
2016_103,NRO,30,NA,NA,NA,NA,NA,NA,NA,54590
2016_104,NRO,57,NA,NA,NA,NA,NA,NA,NA,63046.3
2016_105,JRO,51,NA,64,NA,NA,NA,NA,1,68083.93
2016_106,JRO,26,NA,63,NA,NA,NA,NA,2,194110.68
2016_107,NRO,40,NA,NA,NA,NA,NA,NA,NA,138947
2016_108,NRO,48,NA,NA,NA,NA,NA,NA,NA,52627.61
2016_109,NRO,42,NA,NA,NA,NA,NA,NA,NA,124658.33
2016_11,JRO,71,1,94,NA,NA,NA,NA,1,304745.58
2016_110,JRO,54,NA,33,NA,NA,NA,NA,NA,67279.49
2016_111,NRO,42,NA,NA,NA,NA,NA,NA,NA,51055.64
2016_112,NRO,68,NA,NA,NA,NA,NA,NA,NA,115927
2016_113,NRO,83,NA,NA,NA,NA,NA,NA,NA,56846.58
2016_114,NRO,35,NA,NA,NA,NA,NA,NA,NA,53982.3
2016_115,NRO,30,NA,NA,NA,NA,NA,NA,NA,47895
2016_116,NRO,46,NA,NA,NA,NA,NA,NA,NA,54200.3
2016_117,JRO,46,NA,33,NA,NA,NA,NA,1,61736.82
2016_118,JRO,13,1,60,NA,NA,NA,NA,1,NA
2016_119,NRO,30,NA,NA,NA,NA,NA,NA,NA,63345
2016_12,JRO,42,3,134,NA,NA,NA,NA,2,326219.06
2016_120,NRO,10,NA,NA,NA,NA,NA,NA,1,33672.9
2016_121,NRO,19,NA,NA,NA,NA,NA,NA,NA,57974.04
2016_122,NRO,3,NA,NA,NA,NA,NA,NA,1,146456.72
2016_123,NRO,43,NA,NA,NA,NA,NA,NA,NA,60856.11
2016_124,JRO,51,1,35,NA,NA,NA,NA,1,NA
2016_125,JRO,40,NA,51,NA,NA,NA,NA,1,80882.7
2016_126,NRO,102,NA,NA,NA,NA,NA,NA,NA,70153.3
2016_127,NRO,64,NA,NA,NA,NA,NA,NA,NA,76086.1
2016_128,JRO,47,NA,90,NA,NA,NA,NA,1,229212.47
2016_129,NRO,30,NA,NA,NA,NA,NA,NA,NA,60770
2016_13,JRO,79,1,172,NA,NA,NA,NA,2,665891.54
2016_130,NRO,49,NA,NA,NA,NA,NA,NA,NA,54332.25
2016_131,NRO,30,NA,NA,NA,NA,NA,NA,NA,66435
2016_132,NRO,87,NA,NA,NA,NA,NA,NA,NA,53982.3
2016_133,NRO,77,NA,NA,NA,NA,NA,NA,NA,51046.8
2016_134,JRO,80,NA,42,NA,NA,NA,NA,NA,96978.28
2016_135,NRO,57,NA,NA,NA,NA,NA,NA,NA,51427.9
2016_136,NRO,59,NA,NA,NA,NA,NA,NA,NA,56326.28
2016_137,NRO,15,NA,NA,NA,NA,NA,NA,NA,61285
2016_138,JRO,29,1,90,NA,NA,NA,NA,1,NA
2016_139,CRO,49,1,NA,NA,NA,NA,NA,2,145218.48
2016_14,JRO,61,1,36,NA,NA,NA,NA,NA,59045.149999999994
2016_140,NRO,71,NA,NA,NA,NA,NA,NA,NA,58462.8
2016_141,NRO,16,NA,NA,NA,NA,NA,NA,NA,62343.33
2016_142,CRO,46,1,NA,NA,NA,NA,NA,1,85494.8
2016_143,NRO,2,NA,NA,NA,NA,NA,NA,NA,150185.03
2016_144,JRO,28,NA,72,NA,NA,NA,NA,3,NA
2016_145,NRO,60,NA,NA,NA,NA,NA,NA,NA,52406.57
2016_146,NRO,28,NA,NA,NA,NA,NA,NA,NA,54590
2016_147,NRO,41,NA,NA,NA,NA,NA,NA,NA,51247.9
2016_148,JRO,51,1,125,NA,NA,NA,NA,3,612433.58
2016_149,JRO,70,NA,71,NA,NA,NA,NA,NA,186442.41
2016_15,JRO,35,1,NA,NA,NA,NA,NA,NA,437505.6
2016_150,NRO,78,NA,NA,NA,NA,NA,NA,NA,79306.5
2016_151,JRO,13,1,55,NA,NA,NA,NA,NA,301890.86
2016_152,NRO,114,NA,NA,NA,NA,NA,NA,NA,96915
2016_153,NRO,30,NA,NA,NA,NA,NA,NA,NA,66950
2016_154,NRO,30,NA,NA,NA,NA,NA,NA,NA,70040
2016_155,NRO,44,NA,NA,NA,NA,NA,NA,NA,64270.5
2016_156,JRO,11,NA,30,NA,NA,NA,NA,NA,105373.12
2016_157,JRO,9,NA,23,NA,NA,NA,NA,1,NA
2016_158,JRO,32,NA,32,NA,NA,NA,NA,NA,NA
2016_159,JRO,25,NA,54,NA,NA,NA,NA,1,117259.68
2016_16,CRO,44,NA,2,NA,NA,NA,NA,2,175825.0908
2016_160,JRO,52,NA,28,NA,NA,NA,NA,NA,62786.02
2016_161,JRO,39,1,118,NA,NA,NA,NA,1,295137.25
2016_162,NRO,30,NA,NA,NA,NA,NA,NA,NA,60770
2016_163,CRO,47,2,NA,NA,NA,NA,NA,1,77923.9
2016_164,NRO,61,NA,NA,NA,NA,NA,NA,NA,95069
2016_165,JRO,17,NA,49,NA,NA,NA,NA,1,109645.81
2016_166,NRO,7,1,NA,NA,NA,NA,NA,1,56326.42
2016_167,NRO,82,NA,NA,NA,NA,NA,NA,NA,53982.3
2016_168,NRO,29,NA,NA,NA,NA,NA,NA,NA,55932.44
2016_169,JRO,41,NA,26,NA,NA,NA,NA,NA,NA
2016_17,JRO,10,NA,32,NA,NA,NA,NA,2,95149.68
2016_170,JRO,45,NA,47,NA,NA,NA,NA,NA,NA
2016_171,JRO,39,NA,42,NA,NA,NA,NA,NA,53558.94
2016_172,NRO,103,NA,NA,NA,NA,NA,NA,NA,106852.2
2016_173,NRO,59,NA,NA,NA,NA,NA,NA,NA,57453.38
2016_174,JRO,42,NA,38,NA,NA,NA,NA,1,87139.9
2016_175,NRO,96,NA,NA,NA,NA,NA,NA,NA,55881
2016_176,NRO,53,NA,NA,NA,NA,NA,NA,NA,14255.53
2016_177,NA,NA,NA,NA,NA,NA,NA,NA,1,NA
2016_178,NRO,10,NA,NA,NA,NA,NA,NA,NA,63553.88
2016_179,NRO,71,NA,NA,NA,NA,NA,NA,NA,61467
2016_18,JRO,100,1,72,NA,NA,NA,NA,NA,182509.82
2016_180,JRO,46,1,138,NA,NA,NA,NA,2,404106.32
2016_181,JRO,36,NA,106,NA,NA,NA,NA,1,NA
2016_182,JRO,57,NA,121,NA,NA,NA,NA,1,NA
2016_183,JRO,81,NA,40,NA,NA,NA,NA,NA,95532.59
2016_184,NRO,27,NA,NA,NA,NA,NA,NA,NA,39140
2016_185,NRO,25,NA,NA,NA,NA,NA,NA,NA,49520.94
2016_186,JRO,66,NA,34,NA,NA,NA,NA,1,113460.51
2016_187,NRO,30,NA,NA,NA,NA,NA,NA,NA,38831
2016_188,NRO,18,NA,NA,NA,NA,NA,NA,NA,46350
2016_189,JRO,9,NA,37,NA,NA,NA,NA,1,NA
2016_19,JRO,24,1,68,NA,NA,NA,NA,2,203011.8
2016_190,JRO,20,NA,37,NA,NA,NA,NA,2,75025.01
2016_191,JRO,61,NA,104,104,NA,NA,NA,1,514878.67
2016_192,CRO,34,1,NA,NA,NA,NA,NA,NA,42395.19
2016_193,NA,11,NA,NA,NA,NA,NA,NA,NA,NA
2016_194,CRO,NA,NA,NA,NA,NA,NA,NA,1,NA
2016_195,JRO,92,NA,59,NA,NA,NA,NA,NA,104904.4
2016_196,NA,NA,NA,NA,NA,NA,NA,NA,1,NA
2016_197,NRO,29,NA,NA,NA,NA,NA,NA,NA,46350
2016_198,JRO,54,NA,35,NA,NA,NA,NA,NA,80534.57
2016_199,NRO,85,NA,NA,NA,NA,NA,NA,NA,80359.65
2016_2,JRO,115,1,59,NA,NA,NA,NA,1,110181.31
2016_20,JRO,85,1,65,NA,NA,NA,NA,NA,184199.15
2016_200,NRO,56,NA,NA,NA,NA,NA,NA,NA,64270.5
2016_201,JRO,32,NA,102,NA,NA,NA,NA,1,334386.36
2016_202,JRO,8,NA,29,NA,NA,NA,NA,NA,100120.9
2016_203,JRO,70,NA,75,NA,NA,NA,NA,1,182657.96
2016_204,NRO,30,NA,NA,NA,NA,NA,NA,NA,39037
2016_205,CRO,40,NA,NA,NA,NA,NA,NA,1,103150.04
2016_206,NRO,70,NA,NA,NA,NA,NA,NA,NA,59598
2016_207,JRO,63,NA,22,NA,NA,NA,NA,NA,68660.89
2016_208,JRO,22,NA,NA,NA,NA,NA,NA,NA,NA
2016_209,JRO,12,NA,41,NA,NA,NA,NA,1,216510
2016_21,JRO,85,1,71,NA,NA,NA,NA,4,130697.70000000001
2016_210,CRO,54,1,NA,NA,NA,NA,NA,1,188278.45
2016_211,JRO,44,NA,22,NA,NA,NA,NA,NA,59657.23
2016_212,JRO,40,NA,26,NA,NA,NA,NA,NA,107277.52
2016_213,JRO,22,NA,NA,NA,NA,NA,NA,NA,NA
2016_214,NRO,30,NA,NA,NA,NA,NA,NA,NA,46350
2016_215,JRO,36,NA,27,NA,NA,NA,NA,NA,89721.93
2016_216,JRO,40,NA,NA,NA,NA,NA,NA,NA,NA
2016_217,JRO,77,NA,62,NA,NA,NA,NA,1,449754.86
2016_218,NRO,13,NA,NA,NA,NA,NA,NA,1,185421.16
2016_219,NRO,30,NA,NA,NA,NA,NA,NA,NA,55620
2016_22,JRO,56,1,NA,NA,NA,NA,NA,NA,122879.4
2016_220,NRO,47,NA,NA,NA,NA,NA,NA,NA,76420.85
2016_221,CRO,48,NA,NA,NA,NA,NA,NA,1,70396.08
2016_222,NRO,28,NA,NA,NA,NA,NA,NA,1,104895
2016_223,NRO,34,NA,NA,NA,NA,NA,NA,1,327595.73
2016_224,NRO,40,NA,NA,NA,NA,NA,NA,1,104895
2016_225,NRO,30,NA,NA,NA,NA,NA,NA,NA,37080
2016_226,JRO,23,NA,118,NA,NA,NA,NA,2,327507.57
2016_227,JRO,38,NA,104,NA,NA,NA,NA,1,249405.52
2016_228,NRO,3,NA,NA,NA,NA,NA,NA,NA,227251.78
2016_229,NRO,10,NA,NA,NA,NA,NA,NA,2,11970.52
2016_23,JRO,50,1,NA,NA,NA,NA,NA,NA,134235.9
2016_230,JRO,51,NA,34,NA,NA,NA,NA,NA,63500.98
2016_231,NRO,114,NA,NA,NA,NA,NA,NA,NA,96222.6
2016_232,NRO,93,NA,NA,NA,NA,NA,NA,NA,60296.2
2016_233,NRO,20,NA,NA,NA,NA,NA,NA,NA,57887
2016_234,NRO,3,NA,NA,NA,NA,NA,NA,1,93487.41
2016_24,JRO,26,NA,72,NA,NA,NA,NA,2,277380.7
2016_25,JRO,110,NA,41,NA,NA,NA,NA,NA,99291.25
2016_26,JRO,27,1,76,NA,NA,NA,NA,3,363915.87
2016_27,JRO,43,NA,NA,NA,NA,NA,NA,NA,117446.57
2016_28,JRO,60,NA,35,NA,NA,NA,NA,NA,76082.86
2016_29,JRO,74,1,NA,NA,NA,NA,NA,NA,137368.75
2016_3,JRO,92,1,48,NA,NA,NA,NA,NA,97904.3
2016_30,CRO,25,1,NA,NA,NA,NA,NA,2,100656.55
2016_31,JRO,99,1,NA,NA,NA,NA,NA,1,2482.4
2016_32,JRO,58,NA,90,NA,NA,NA,NA,NA,185081.5
2016_33,JRO,10,1,NA,NA,NA,NA,NA,1,97627.87000000001
2016_34,JRO,18,1,59,NA,NA,NA,NA,2,361047.89
2016_35,CRO,57,NA,37,NA,NA,NA,NA,1,77392.14
2016_36,NRO,25,1,25,NA,NA,NA,NA,NA,81087.65
2016_37,NRO,107,NA,NA,NA,NA,NA,NA,NA,59219.11
2016_38,JRO,40,1,97,NA,NA,NA,NA,1,332556.69
2016_39,JRO,54,NA,126,NA,NA,NA,NA,NA,500208
2016_4,JRO,69,1,68,NA,NA,NA,NA,1,126097.50000000001
2016_40,JRO,1,NA,3,NA,NA,NA,NA,NA,9608.6
2016_41,JRO,107,NA,40,NA,NA,NA,NA,NA,NA
2016_42,JRO,25,1,25,NA,NA,NA,NA,NA,81087.65
2016_43,JRO,40,1,97,NA,NA,NA,NA,1,303397.09
2016_44,JRO,55,NA,129,NA,NA,NA,NA,NA,556162.23
2016_45,NRO,107,NA,NA,NA,NA,NA,NA,NA,58219.11
2016_46,JRO,29,NA,114,NA,NA,NA,NA,1,243704.55
2016_47,JRO,52,1,33,NA,NA,NA,NA,NA,NA
2016_48,JRO,59,NA,65,NA,NA,NA,NA,1,NA
2016_49,JRO,43,2,108,NA,NA,NA,NA,2,234850.31
2016_5,CRO,44,1,34,NA,NA,NA,NA,1,91169.64
2016_50,JRO,60,NA,46,NA,NA,NA,NA,NA,98258.51
2016_51,JRO,29,NA,48,NA,NA,NA,NA,1,76278.24
2016_52,NRO,9,1,NA,NA,NA,NA,NA,NA,79380.22
2016_53,JRO,78,NA,67,NA,NA,NA,NA,NA,140093.91
2016_54,JRO,2,NA,13,NA,NA,NA,NA,NA,NA
2016_55,JRO,30,NA,82,NA,NA,NA,NA,2,91797.82
2016_56,JRO,57,NA,45,NA,NA,NA,NA,2,109254.48
2016_57,JRO,80,NA,37,NA,NA,NA,NA,NA,54813.73
2016_58,CRO,38,1,NA,NA,NA,NA,NA,1,82600.56
2016_59,JRO,NA,NA,NA,NA,NA,NA,NA,1,NA
2016_6,JRO,79,1,62,NA,NA,NA,NA,3,119447.79000000001
2016_60,CRO,38,NA,NA,NA,NA,NA,NA,2,98507.31
2016_61,JRO,48,NA,45,NA,NA,NA,NA,NA,97662.92
2016_62,JRO,70,NA,88,NA,NA,NA,NA,NA,NA
2016_63,CRO,50,1,NA,NA,NA,NA,NA,2,77047.75
2016_64,JRO,15,NA,65,NA,NA,NA,NA,1,224940.36
2016_65,JRO,67,NA,57,NA,NA,NA,NA,2,NA
2016_66,NRO,74,NA,NA,NA,NA,NA,NA,NA,150287.26
2016_67,JRO,58,NA,71,NA,NA,NA,NA,1,111150.43
2016_68,NRO,48,NA,NA,NA,NA,NA,NA,NA,53001
2016_69,JRO,61,NA,45,NA,NA,NA,NA,NA,160151.89
2016_7,JRO,64,1,87,NA,NA,NA,NA,1,207656.7
2016_70,JRO,17,NA,63,NA,NA,NA,NA,1,NA
2016_71,JRO,50,1,36,NA,NA,NA,NA,1,NA
2016_72,JRO,34,NA,34,NA,NA,NA,NA,NA,55083.7
2016_73,NRO,13,NA,NA,NA,NA,NA,NA,NA,82292.39
2016_74,JRO,42,1,95,NA,NA,NA,NA,1,247871.97
2016_75,CRO,48,1,NA,NA,NA,NA,NA,1,81683.19
2016_76,NRO,14,NA,NA,NA,NA,NA,NA,NA,57186.02
2016_77,JRO,37,1,98,NA,NA,NA,NA,1,241557.68
2016_78,JRO,50,1,37,NA,NA,NA,NA,NA,58405.96
2016_79,JRO,27,NA,42,NA,NA,NA,NA,NA,NA
2016_8,JRO,23,1,82,NA,NA,NA,NA,3,323736.58
2016_80,NRO,61,NA,NA,NA,NA,NA,NA,NA,55376.47
2016_81,NRO,19,NA,NA,NA,NA,NA,NA,NA,56356.07
2016_82,JRO,22,1,86,NA,NA,NA,NA,3,NA
2016_83,JRO,63,NA,52,NA,NA,NA,NA,1,84842.3
2016_84,NRO,37,NA,NA,NA,NA,NA,NA,NA,59128.39
2016_85,NRO,26,NA,NA,NA,NA,NA,NA,NA,57356.33
2016_86,NRO,23,NA,NA,NA,NA,NA,NA,NA,49924.2
2016_87,NRO,39,1,NA,NA,NA,NA,NA,NA,51693.23
2016_88,NRO,21,1,NA,NA,NA,NA,NA,2,71585
2016_89,JRO,15,1,45,NA,NA,NA,NA,1,109304.55
2016_9,JRO,70,NA,151,NA,NA,NA,NA,2,527664.36
2016_90,NRO,35,NA,NA,NA,NA,NA,NA,NA,57008.99
2016_91,NRO,74,1,NA,NA,NA,NA,NA,NA,52884.73
2016_92,JRO,52,1,26,NA,NA,NA,NA,NA,60848.79
2016_93,JRO,6,NA,28,NA,NA,NA,NA,1,93186.08
2016_94,NRO,30,NA,NA,NA,NA,NA,NA,NA,63345
2016_95,NRO,31,NA,NA,NA,NA,NA,NA,NA,53458.02
2016_96,NRO,64,NA,NA,NA,NA,NA,NA,NA,51427.9
2016_97,NRO,21,2,NA,NA,NA,NA,NA,NA,53650
2016_98,NRO,30,NA,NA,NA,NA,NA,NA,NA,82041.5
2016_99,NRO,33,NA,NA,NA,NA,NA,NA,NA,112620.2
2017_1,NRO,21,NA,NA,NA,NA,NA,NA,NA,46339.7
2017_10,NRO,149,NA,NA,NA,NA,NA,NA,NA,93223
2017_100,CRO,26,1,NA,23,1,NA,NA,1,40240.42
2017_101,NRO,35,NA,NA,NA,NA,NA,NA,NA,54371.64
2017_102,NRO,14,1,NA,NA,NA,NA,NA,NA,291409.19
2017_103,JRO,118,NA,34,34,NA,NA,NA,1,91474.89
2017_104,JRO,38,1,135,NA,NA,NA,NA,3,396365.78
2017_105,CRO,41,1,NA,33,NA,NA,5,1,70101.67
2017_106,NRO,20,NA,NA,NA,NA,NA,NA,NA,70101.67
2017_107,JRO,51,NA,78,NA,NA,NA,NA,2,167615.72
2017_108,JRO,101,NA,35,35,NA,NA,NA,1,78294.42
2017_109,NRO,30,NA,NA,NA,NA,NA,NA,NA,78294.42
2017_11,JRO,58,NA,125,125,NA,NA,NA,2,240620.85
2017_110,JRO,130,1,NA,54,NA,NA,NA,1,95567.52
2017_111,JRO,79,NA,29,NA,NA,NA,NA,NA,65064.48
2017_112,JRO,40,2,142,NA,NA,NA,NA,2,422471.8
2017_113,NRO,40,NA,NA,NA,NA,NA,NA,NA,422471.8
2017_114,JRO,61,NA,104,58,NA,NA,NA,2,187130.74
2017_115,JRO,72,NA,25,NA,NA,NA,NA,NA,61526.77
2017_116,JRO,77,NA,30,NA,NA,NA,NA,NA,57981.7
2017_117,NRO,29,NA,NA,NA,NA,NA,NA,NA,45320
2017_118,JRO,11,1,47,NA,NA,NA,NA,1,165272.55
2017_119,JRO,47,NA,29,NA,NA,NA,NA,NA,58102.92
2017_12,JRO,123,NA,63,30,NA,NA,NA,NA,151041.38
2017_120,JRO,21,NA,59,NA,NA,NA,NA,1,124567.94
2017_121,CRO,56,1,NA,46,1,NA,NA,1,106514.55
2017_122,CRO,30,NA,NA,29,NA,NA,3,2,75780.91
2017_123,NRO,24,NA,NA,NA,NA,NA,NA,NA,45320
2017_124,JRO,17,1,67,NA,NA,NA,NA,1,133703.5
2017_125,JRO,86,NA,45,40,NA,NA,NA,1,67140.77
2017_126,NRO,133,NA,NA,NA,NA,NA,NA,NA,95069
2017_127,NRO,10,NA,NA,NA,NA,NA,NA,1,191032.38
2017_128,JRO,4,NA,32,NA,NA,NA,NA,NA,175509.32
2017_129,JRO,16,NA,27,NA,NA,NA,NA,NA,44024.08
2017_13,NRO,18,NA,NA,NA,NA,NA,NA,NA,151041.38
2017_130,NRO,65,NA,NA,NA,NA,NA,NA,NA,175509.32
2017_131,NRO,6,NA,NA,NA,NA,NA,NA,NA,44024.08
2017_132,NRO,15,NA,NA,NA,NA,NA,NA,NA,61370.99
2017_133,JRO,43,NA,58,NA,NA,NA,NA,1,109511.73
2017_134,JRO,34,NA,87,36,NA,NA,NA,4,195248.54
2017_135,CRO,39,NA,NA,23,1,NA,NA,1,39451.36
2017_136,NRO,22,NA,NA,NA,NA,NA,NA,NA,58710
2017_137,NRO,20,NA,NA,NA,NA,NA,NA,NA,38502.02
2017_138,JRO,30,1,105,NA,NA,NA,NA,2,354804.19
2017_139,JRO,21,NA,73,NA,NA,NA,NA,1,108953.63
2017_14,NRO,25,NA,NA,NA,NA,NA,NA,NA,332839.3
2017_140,CRO,30,1,NA,30,1,NA,1,1,65530.81
2017_141,NRO,29,NA,NA,NA,NA,NA,NA,NA,100940
2017_142,JRO,66,1,186,NA,NA,NA,NA,2,666154.9
2017_143,JRO,65,NA,33,NA,NA,NA,NA,1,68688.28
2017_144,NRO,17,NA,NA,NA,NA,NA,NA,NA,66435
2017_145,NRO,19,NA,NA,NA,NA,NA,NA,NA,44131.5
2017_146,NRO,15,NA,NA,NA,NA,NA,NA,NA,50916.6
2017_147,JRO,50,NA,86,NA,NA,NA,NA,1,180051.57
2017_148,JRO,49,NA,59,NA,NA,NA,NA,1,83543.19
2017_149,JRO,64,NA,114,NA,NA,NA,NA,3,398965.06
2017_15,NRO,10,NA,NA,NA,NA,NA,NA,NA,40595.94
2017_150,NRO,46,NA,NA,NA,NA,NA,NA,NA,398965.06
2017_151,CRO,30,1,NA,32,NA,NA,NA,2,69794.6
2017_152,JRO,76,NA,35,35,NA,NA,NA,1,76051.7
2017_153,NRO,19,NA,NA,NA,NA,NA,NA,NA,61252.9
2017_154,NRO,30,NA,NA,NA,NA,NA,NA,NA,76051.7
2017_155,NRO,28,NA,NA,NA,NA,NA,NA,NA,66950
2017_156,NRO,150,NA,NA,NA,NA,NA,NA,NA,122053.05
2017_157,NRO,12,NA,NA,NA,NA,NA,NA,1,95069
2017_158,JRO,19,NA,62,NA,NA,NA,NA,1,63511.56
2017_159,NRO,90,NA,NA,NA,NA,NA,NA,NA,60296.2
2017_16,JRO,78,NA,63,NA,NA,NA,NA,2,117481.36
2017_160,CRO,44,1,NA,21,1,NA,1,1,41182.75
2017_161,NRO,15,NA,NA,NA,NA,NA,NA,NA,47145
2017_162,JRO,34,1,132,NA,NA,NA,NA,2,447776.91
2017_163,NRO,88,NA,NA,NA,NA,NA,NA,NA,74440.88
2017_164,NRO,30,NA,NA,NA,NA,NA,NA,NA,447776.91
2017_165,JRO,23,1,103,NA,NA,NA,NA,1,283545.34
2017_166,NRO,23,NA,NA,NA,NA,NA,NA,1,46985.88
2017_167,CRO,30,1,NA,29,1,NA,3,1,68916.35
2017_168,JRO,14,1,61,24,NA,NA,NA,3,243554.88
2017_169,NRO,30,NA,NA,NA,NA,NA,NA,NA,243554.88
2017_17,JRO,20,1,121,NA,NA,NA,NA,1,339530.76
2017_170,NRO,28,NA,NA,NA,NA,NA,NA,NA,68074
2017_171,JRO,130,NA,41,41,NA,NA,NA,NA,99100.46
2017_172,JRO,11,1,48,NA,NA,NA,NA,NA,192176.5
2017_173,NRO,100,NA,NA,NA,NA,NA,NA,NA,57253.01
2017_174,NRO,15,NA,NA,NA,NA,NA,NA,NA,86860
2017_175,NRO,29,NA,NA,NA,NA,NA,NA,NA,174983.55
2017_176,NRO,6,NA,NA,NA,NA,NA,NA,2,11687.16
2017_177,NRO,15,NA,NA,NA,NA,NA,NA,NA,43800.45
2017_178,JRO,25,1,59,NA,NA,NA,NA,1,77813.62
2017_179,NRO,32,NA,NA,NA,NA,NA,NA,NA,77813.62
2017_18,JRO,39,NA,115,NA,NA,NA,NA,3,256278.93
2017_180,CRO,31,1,NA,31,NA,NA,1,1,76097.17
2017_181,NRO,16,NA,NA,NA,NA,NA,NA,2,60600
2017_182,JRO,47,NA,30,NA,NA,NA,NA,NA,63653.89
2017_183,NRO,17,NA,NA,NA,NA,NA,NA,NA,60600
2017_184,JRO,13,1,25,NA,NA,NA,NA,1,68327
2017_185,JRO,44,1,140,NA,NA,NA,NA,1,400949.71
2017_186,NRO,52,NA,NA,NA,NA,NA,NA,NA,400949.71
2017_187,JRO,91,1,40,NA,NA,NA,NA,NA,104808.18
2017_188,NRO,30,NA,NA,NA,NA,NA,NA,NA,58580
2017_189,NRO,15,NA,NA,NA,NA,NA,NA,2,151064.55
2017_19,NRO,66,NA,NA,NA,NA,NA,NA,NA,102090.8
2017_190,NRO,17,NA,NA,NA,NA,NA,NA,NA,60600
2017_191,NRO,6,NA,NA,NA,NA,NA,NA,1,74.9
2017_192,CRO,25,1,NA,30,2,NA,NA,1,73120.07
2017_193,NRO,18,NA,NA,NA,NA,NA,NA,NA,58580
2017_194,NRO,30,NA,NA,NA,NA,NA,NA,NA,89890
2017_195,NRO,28,NA,NA,NA,NA,NA,NA,NA,79992
2017_196,CRO,11,1,NA,23,1,NA,NA,1,40967.35
2017_197,NRO,9,1,NA,NA,NA,NA,NA,NA,147815.85
2017_198,NRO,93,1,NA,NA,NA,NA,NA,NA,73652.83
2017_199,NRO,118,NA,NA,NA,NA,NA,NA,NA,62477.63
2017_2,NRO,17,NA,NA,NA,NA,NA,NA,NA,38988.18
2017_20,NRO,20,NA,NA,NA,NA,NA,NA,NA,40376
2017_200,CRO,31,1,NA,30,1,NA,NA,1,76155.85
2017_201,JRO,41,1,167,NA,NA,NA,NA,1,418973.73
2017_202,NRO,30,NA,NA,NA,NA,NA,NA,NA,418973.73
2017_203,NRO,28,NA,NA,NA,NA,NA,NA,NA,58580
2017_204,JRO,61,NA,43,43,NA,NA,NA,1,84346.42
2017_205,JRO,25,NA,80,NA,NA,NA,NA,1,66696.13
2017_206,JRO,22,1,25,NA,NA,NA,NA,1,58279.91
2017_207,CRO,78,NA,2,39,NA,NA,1,1,223403.4
2017_208,NRO,30,NA,NA,NA,NA,NA,NA,NA,67670
2017_209,NRO,30,NA,NA,NA,NA,NA,NA,NA,67670
2017_21,CRO,77,NA,NA,NA,NA,NA,NA,2,90817.55
2017_210,JRO,96,1,43,43,NA,NA,NA,1,101493.75
2017_211,JRO,78,1,26,NA,NA,NA,NA,1,74316.09
2017_212,CRO,32,1,NA,31,1,NA,1,1,74554.51
2017_213,JRO,38,NA,79,27,NA,NA,NA,1,143169.47
2017_214,JRO,36,1,29,NA,NA,NA,NA,1,75317
2017_215,JRO,2,1,9,NA,NA,NA,NA,1,73173.32
2017_216,NRO,27,NA,NA,NA,NA,NA,NA,NA,59590
2017_217,NRO,27,NA,NA,NA,NA,NA,NA,NA,71407
2017_218,JRO,5,NA,20,NA,NA,NA,NA,1,82028.2
2017_219,JRO,9,1,36,NA,NA,NA,NA,1,202084.34
2017_22,NRO,67,NA,NA,NA,NA,NA,NA,NA,50429.3
2017_220,JRO,65,NA,34,NA,NA,NA,NA,NA,83480.32
2017_221,NRO,11,NA,NA,NA,NA,NA,NA,NA,44482.04
2017_222,NRO,30,NA,NA,NA,NA,NA,NA,NA,126250
2017_223,NRO,15,NA,NA,NA,NA,NA,NA,NA,45368
2017_224,NRO,30,NA,NA,NA,NA,NA,NA,NA,51409
2017_225,JRO,47,NA,46,NA,NA,NA,NA,NA,93829.94
2017_226,JRO,16,1,20,NA,NA,NA,NA,1,54276.86
2017_227,JRO,17,1,76,NA,NA,NA,NA,1,378304.95
2017_228,JRO,58,1,36,36,NA,NA,NA,1,69343.91
2017_229,NRO,9,NA,NA,NA,NA,NA,NA,1,246338.94
2017_23,NRO,16,NA,NA,NA,NA,NA,NA,NA,40997.88
2017_230,JRO,11,1,19,NA,NA,NA,NA,1,38425.15
2017_231,NRO,30,NA,NA,NA,NA,NA,NA,NA,38435.15
2017_232,CRO,30,NA,NA,29,1,NA,1,1,69080.58
2017_233,NRO,29,NA,NA,NA,NA,NA,NA,NA,51409
2017_234,JRO,128,NA,31,31,NA,NA,NA,1,89383.94
2017_235,JRO,23,NA,60,NA,NA,NA,NA,NA,203865.51
2017_236,NRO,32,NA,NA,NA,NA,NA,NA,1,203865.51
2017_237,NRO,8,1,NA,NA,NA,NA,NA,NA,163819.99
2017_238,JRO,14,1,52,NA,NA,NA,NA,2,137201.21
2017_239,JRO,48,NA,33,NA,NA,NA,NA,NA,52612.88
2017_24,NRO,16,NA,NA,NA,NA,NA,NA,NA,39964
2017_240,JRO,124,NA,38,38,NA,NA,NA,1,89073.23
2017_241,JRO,59,NA,40,40,NA,NA,NA,1,74265.12
2017_242,CRO,25,NA,NA,31,1,NA,2,NA,61200.6
2017_243,NA,3,NA,NA,NA,NA,NA,NA,NA,NA
2017_244,CRO,NA,NA,NA,NA,NA,NA,NA,1,NA
2017_245,NRO,30,NA,NA,NA,NA,NA,NA,NA,74265.12
2017_246,NRO,43,NA,NA,NA,NA,NA,NA,NA,61200.6
2017_247,NRO,30,NA,NA,NA,NA,NA,NA,NA,44339
2017_248,JRO,5,NA,22,NA,NA,NA,NA,2,43006.85
2017_249,JRO,8,1,3,3,NA,NA,NA,2,116183.04
2017_25,JRO,91,NA,78,NA,NA,NA,NA,2,180220.77
2017_250,JRO,25,NA,64,NA,NA,NA,NA,1,70249.19
2017_251,JRO,9,1,19,NA,NA,NA,NA,1,15484.3
2017_252,JRO,32,1,147,NA,NA,NA,NA,1,NA
2017_253,JRO,43,1,146,102,NA,NA,NA,2,541711.3
2017_254,NRO,30,NA,NA,NA,NA,NA,NA,NA,39996
2017_255,JRO,29,1,103,51,NA,NA,NA,3,483485.38
2017_256,JRO,50,1,97,NA,NA,NA,NA,2,454638.48
2017_257,CRO,30,1,NA,30,NA,NA,1,1,65059.77
2017_258,NRO,150,NA,NA,NA,NA,NA,NA,NA,65059.77
2017_259,JRO,35,1,21,NA,NA,NA,NA,1,70323.26
2017_26,JRO,107,NA,41,NA,NA,NA,NA,NA,113208.84
2017_260,NRO,30,NA,NA,NA,NA,NA,NA,NA,70323.26
2017_261,JRO,5,NA,22,NA,NA,NA,NA,NA,43006.85
2017_262,JRO,31,NA,60,NA,NA,NA,NA,NA,168438.09
2017_263,CRO,30,1,NA,31,1,NA,1,1,63652.17
2017_264,JRO,7,1,33,NA,NA,NA,NA,1,108379.22
2017_265,NRO,9,NA,NA,NA,NA,NA,NA,1,108379.22
2017_266,JRO,21,1,126,NA,NA,NA,NA,1,360531.33
2017_267,JRO,44,NA,42,NA,NA,NA,NA,NA,93334.5
2017_268,CRO,45,1,NA,24,1,NA,1,1,105609
2017_269,CRO,31,1,NA,31,NA,NA,NA,1,64629.23
2017_27,NRO,15,NA,NA,NA,NA,NA,NA,NA,113208.84
2017_270,CRO,63,1,NA,35,2,NA,1,1,126736.46
2017_271,JRO,14,NA,34,NA,NA,NA,NA,2,194240.58
2017_272,JRO,138,1,43,43,NA,NA,NA,1,93950.02
2017_273,NRO,6,NA,NA,NA,NA,NA,NA,1,49208.41
2017_274,NRO,114,NA,NA,NA,NA,NA,NA,NA,90393.56
2017_275,NRO,15,NA,NA,NA,NA,NA,NA,NA,45475
2017_276,JRO,82,1,38,NA,NA,NA,NA,1,65809.47
2017_277,JRO,21,1,42,NA,NA,NA,NA,2,60280.07
2017_278,JRO,2,1,14,NA,NA,NA,NA,1,64948.2
2017_279,JRO,4,NA,8,NA,NA,NA,NA,2,29399.71
2017_28,JRO,9,NA,26,NA,NA,NA,NA,NA,11787.87
2017_280,NRO,14,NA,NA,NA,NA,NA,NA,NA,178118.14
2017_281,CRO,31,1,NA,29,1,NA,1,1,63163.67
2017_282,NRO,4,NA,NA,NA,NA,NA,NA,1,101139.61
2017_283,NRO,37,NA,NA,NA,NA,NA,NA,NA,41309
2017_284,JRO,22,NA,22,NA,NA,NA,NA,NA,15899.37
2017_285,NRO,36,NA,NA,NA,NA,NA,NA,NA,66660
2017_286,NRO,15,NA,NA,NA,NA,NA,NA,NA,39119.85
2017_287,JRO,66,NA,30,NA,NA,NA,NA,NA,52177.79
2017_288,JRO,13,NA,37,NA,NA,NA,NA,1,121774.8
2017_289,JRO,34,1,144,NA,NA,NA,NA,2,475056.96
2017_29,JRO,39,NA,22,NA,NA,NA,NA,NA,55285.79
2017_290,JRO,20,NA,69,NA,NA,NA,NA,1,65294.59
2017_291,CRO,31,1,NA,29,2,NA,5,1,54572.87
2017_292,NRO,40,NA,NA,NA,NA,NA,NA,NA,40349.5
2017_293,NRO,40,NA,NA,NA,NA,NA,NA,NA,45551
2017_294,CRO,46,1,NA,39,2,NA,1,3,4242.55
2017_295,JRO,46,NA,58,NA,NA,NA,NA,1,81644.28
2017_296,CRO,31,2,NA,31,NA,NA,NA,2,53649.18
2017_297,JRO,112,NA,53,53,NA,NA,NA,1,98888.1
2017_298,NRO,32,NA,NA,NA,NA,NA,NA,NA,39541.5
2017_299,JRO,28,1,92,NA,NA,NA,NA,2,6575.52
2017_3,NRO,2,NA,NA,NA,NA,NA,NA,NA,82789.44
2017_30,JRO,3,NA,10,NA,NA,NA,NA,NA,136150.98
2017_300,NRO,40,NA,NA,NA,NA,NA,NA,NA,49490
2017_301,JRO,36,1,86,45,NA,NA,NA,1,177948.6
2017_302,NRO,8,NA,NA,NA,NA,NA,NA,NA,39119.85
2017_303,CRO,30,1,NA,29,2,NA,1,1,55496.73
2017_304,JRO,72,1,232,93,NA,NA,NA,2,477819.67
2017_305,JRO,40,1,111,NA,NA,NA,NA,NA,NA
2017_306,NRO,40,NA,NA,NA,NA,NA,NA,NA,38178
2017_307,NRO,39,NA,NA,NA,NA,NA,NA,NA,38178
2017_308,JRO,116,NA,50,50,NA,NA,NA,1,156520.29
2017_309,JRO,109,NA,48,48,NA,NA,NA,1,100112.62
2017_31,CRO,49,1,NA,34,NA,NA,NA,3,68365.72
2017_310,JRO,19,2,92,44,NA,NA,NA,2,439803.26
2017_311,CRO,15,1,NA,23,1,NA,2,2,84852.19
2017_312,JRO,117,NA,45,45,NA,NA,NA,1,158007.85
2017_313,JRO,53,NA,89,NA,NA,NA,NA,2,392338.82
2017_314,JRO,17,NA,34,NA,NA,NA,NA,1,63098.71
2017_315,CRO,28,1,NA,27,2,NA,3,1,53674.92
2017_316,NRO,36,NA,NA,NA,NA,NA,NA,NA,316051.76
2017_317,NRO,40,NA,NA,NA,NA,NA,NA,NA,44429
2017_318,NRO,13,NA,NA,NA,NA,NA,NA,NA,44040.7
2017_319,NRO,10,NA,NA,NA,NA,NA,NA,NA,42422.1
2017_32,NRO,15,NA,NA,NA,NA,NA,NA,NA,55285.79
2017_320,NRO,40,NA,NA,NA,NA,NA,NA,NA,38369.9
2017_321,NRO,35,NA,NA,NA,NA,NA,NA,1,170730
2017_322,JRO,28,NA,122,NA,NA,NA,NA,3,384947.21
2017_323,CRO,31,1,NA,27,2,NA,3,1,53646.5
2017_324,NRO,27,1,NA,NA,NA,NA,NA,NA,169287.99
2017_325,NRO,37,NA,NA,NA,NA,NA,NA,NA,39137.5
2017_326,JRO,18,1,119,NA,NA,NA,NA,1,412933.29
2017_327,NRO,40,NA,NA,NA,NA,NA,NA,NA,33330
2017_328,JRO,50,1,124,NA,NA,NA,NA,3,311934.04
2017_329,JRO,75,NA,35,NA,NA,NA,NA,1,NA
2017_33,JRO,58,1,163,NA,NA,NA,NA,5,382211.28
2017_330,CRO,58,1,NA,41,3,NA,NA,1,114294
2017_331,JRO,4,1,18,NA,NA,NA,NA,1,33195.55
2017_332,JRO,25,NA,69,NA,NA,NA,NA,1,NA
2017_333,CRO,31,1,NA,27,2,NA,2,1,50462.12
2017_334,NRO,125,NA,NA,NA,NA,NA,NA,NA,152876.19
2017_335,NRO,30,NA,NA,NA,NA,NA,NA,NA,60600
2017_336,NRO,53,NA,NA,NA,NA,NA,NA,NA,65833.06
2017_337,NRO,36,NA,NA,NA,NA,NA,NA,NA,38279
2017_338,JRO,94,NA,38,38,NA,NA,NA,1,NA
2017_339,JRO,20,1,79,NA,NA,NA,NA,2,365622
2017_34,JRO,89,NA,88,34,NA,NA,NA,3,NA
2017_340,NRO,40,NA,NA,NA,NA,NA,NA,NA,48076
2017_341,JRO,65,NA,73,NA,NA,NA,NA,1,207459.85
2017_342,NRO,30,NA,NA,NA,NA,NA,NA,NA,65134.9
2017_343,CRO,31,1,NA,NA,NA,NA,NA,1,50546.87
2017_344,NRO,4,NA,NA,NA,NA,NA,NA,1,104021.89
2017_35,JRO,72,NA,44,44,NA,NA,NA,1,83080.59
2017_36,JRO,103,NA,33,33,NA,NA,NA,1,77795.9
2017_37,JRO,39,NA,49,NA,NA,NA,NA,1,88507.56
2017_38,JRO,122,NA,30,NA,NA,NA,NA,1,74759.49
2017_39,NRO,18,NA,NA,NA,NA,NA,NA,NA,40997.88
2017_4,JRO,6,NA,22,NA,NA,NA,NA,NA,205999.26
2017_40,NRO,14,NA,NA,NA,NA,NA,NA,NA,74759.49
2017_41,JRO,43,NA,110,73,NA,NA,NA,1,232091.18
2017_42,JRO,43,NA,134,NA,NA,NA,NA,2,264844.21
2017_43,NRO,3,NA,NA,NA,NA,NA,NA,NA,98126.51
2017_44,NRO,27,NA,NA,NA,NA,NA,NA,NA,53560
2017_45,JRO,73,NA,64,28,NA,NA,NA,NA,152172.32
2017_46,JRO,84,NA,29,NA,NA,NA,NA,NA,57557.31
2017_47,NRO,16,NA,NA,NA,NA,NA,NA,2,152172.32
2017_48,CRO,64,1,NA,22,NA,NA,NA,1,45466.27
2017_49,NRO,16,NA,NA,NA,NA,NA,NA,NA,45466.27
2017_5,NRO,15,NA,NA,NA,NA,NA,NA,NA,61132.78
2017_50,JRO,12,NA,50,NA,NA,NA,NA,1,99961.49
2017_51,NRO,109,NA,NA,NA,NA,NA,NA,NA,99697.09
2017_52,NRO,30,NA,NA,NA,NA,NA,NA,NA,40994
2017_53,JRO,179,NA,38,38,NA,NA,NA,1,89378.45
2017_54,NRO,10,NA,NA,NA,NA,NA,NA,3,6843.02
2017_55,NRO,37,NA,NA,NA,NA,NA,NA,NA,138659.23
2017_56,JRO,60,NA,154,NA,NA,NA,NA,3,418161.61
2017_57,JRO,65,NA,27,NA,NA,NA,NA,NA,54087.34
2017_58,NRO,22,NA,NA,NA,NA,NA,NA,NA,61132.76
2017_59,NRO,15,NA,NA,NA,NA,NA,NA,NA,418161.61
2017_6,JRO,42,NA,25,NA,NA,NA,NA,NA,54203
2017_60,NRO,20,NA,NA,NA,NA,NA,NA,NA,59225
2017_61,JRO,23,NA,20,NA,NA,NA,NA,1,108990
2017_62,NRO,26,NA,NA,NA,NA,NA,NA,NA,40994
2017_63,JRO,45,NA,39,NA,NA,NA,NA,1,97114.68
2017_64,JRO,53,NA,75,NA,NA,NA,NA,1,188515.69
2017_65,JRO,54,NA,66,NA,NA,NA,NA,2,455178.56
2017_66,JRO,14,NA,65,30,NA,NA,NA,NA,178112.58
2017_67,NRO,6,NA,NA,NA,NA,NA,NA,1,188515.69
2017_68,NRO,16,NA,NA,NA,NA,NA,NA,NA,6843.02
2017_69,JRO,71,NA,52,NA,NA,NA,NA,1,131298.33
2017_7,NRO,41,NA,NA,NA,NA,NA,NA,1,105597.88
2017_70,NRO,127,NA,NA,NA,NA,NA,NA,NA,93223
2017_71,NRO,14,NA,NA,NA,NA,NA,NA,NA,33990
2017_72,JRO,70,NA,31,NA,NA,NA,NA,1,51811.28
2017_73,JRO,137,NA,43,43,NA,NA,NA,1,118210.39
2017_74,NA,50,2,NA,33,1,NA,NA,NA,60385.41
2017_75,CRO,NA,NA,NA,NA,NA,NA,NA,1,NA
2017_76,NRO,127,NA,NA,NA,NA,NA,NA,NA,93223
2017_77,JRO,25,NA,66,NA,NA,NA,NA,2,68695.05
2017_78,NRO,29,NA,NA,NA,NA,NA,NA,1,39792.06
2017_79,NRO,90,NA,NA,NA,NA,NA,NA,NA,64609.7
2017_8,JRO,87,NA,88,52,NA,NA,NA,2,178384.28
2017_80,NRO,16,NA,NA,NA,NA,NA,NA,NA,37878
2017_81,JRO,30,3,117,38,NA,NA,NA,2,323973.46
2017_82,NRO,15,NA,NA,NA,NA,NA,NA,NA,325622.54
2017_83,NRO,30,NA,NA,NA,NA,NA,NA,NA,45320
2017_84,JRO,29,NA,89,NA,NA,NA,NA,2,272159.75
2017_85,JRO,70,NA,32,32,NA,NA,NA,1,94589.6
2017_86,JRO,36,1,132,NA,NA,NA,NA,2,363377.79
2017_87,JRO,11,NA,28,NA,NA,NA,NA,1,110137.26
2017_88,NRO,10,NA,NA,NA,NA,NA,NA,1,190026.69
2017_89,JRO,29,NA,19,NA,NA,NA,NA,NA,53445.81
2017_9,NRO,119,NA,NA,NA,NA,NA,NA,NA,59125.4
2017_90,NRO,40,NA,NA,NA,NA,NA,NA,NA,142370.29
2017_91,JRO,18,NA,30,NA,NA,NA,NA,NA,39322.11
2017_92,NRO,17,NA,NA,NA,NA,NA,NA,NA,39322.11
2017_93,JRO,50,1,151,NA,NA,NA,NA,1,390032.57
2017_94,JRO,76,NA,39,NA,NA,NA,NA,NA,74331.16
2017_95,NRO,151,NA,NA,NA,NA,NA,NA,NA,59387.84
2017_96,CRO,30,1,NA,33,1,NA,NA,2,65406.07
2017_97,NRO,23,NA,NA,NA,NA,NA,NA,NA,55620
2017_98,JRO,24,1,87,NA,NA,NA,NA,2,306243.68
2017_99,NRO,16,NA,NA,NA,NA,NA,NA,NA,306253.68
2018_1,NRO,28,NA,80,80,NA,2,NA,NA,57347.8
2018_10,JRO,9,1,28,26,2,2,NA,1,103033.53
2018_100,NRO,66,NA,32,31,1,4,NA,NA,72530.45
2018_101,CRO,22,NA,34,29,1,2,2,1,45726.63
2018_102,NRO,3,NA,8,7,1,1,NA,1,104060.2
2018_103,JRO,51,1,150,141,9,NA,NA,1,534203.2899999999
2018_104,NRO,54,NA,29,28,1,2,NA,NA,138749.79
2018_105,NRO,32,NA,76,76,NA,NA,NA,NA,53025
2018_106,NRO,36,NA,86,85,1,2,NA,NA,41105.99
2018_107,NRO,21,1,43,42,1,1,NA,NA,148529.19
2018_108,JRO,32,NA,59,56,3,NA,NA,3,198463.49
2018_109,CRO,28,1,31,30,1,2,NA,1,44617.34
2018_11,CRO,23,1,30,29,1,1,NA,1,54028.46
2018_110,NRO,10,NA,15,15,NA,1,NA,NA,39868.34
2018_111,NRO,38,NA,77,77,NA,2,NA,NA,43935
2018_112,NRO,25,NA,67,67,NA,2,NA,NA,67670
2018_113,CRO,21,1,31,30,1,2,NA,2,44673.33
2018_114,JRO,132,NA,38,37,1,2,NA,1,101211.26
2018_115,NRO,27,NA,59,59,NA,2,NA,NA,96960
2018_116,NRO,23,NA,83,83,NA,NA,NA,NA,68579
2018_117,JRO,21,2,73,69,4,2,NA,2,184419.66999999998
2018_118,JRO,6,NA,31,30,1,1,NA,2,108621.16
2018_119,JRO,61,NA,134,132,2,2,NA,3,395122.66000000003
2018_12,JRO,32,1,62,59,3,2,NA,3,182431.21
2018_120,CRO,73,NA,40,38,2,1,NA,1,190586
2018_121,JRO,25,1,55,54,1,2,NA,2,126113.65
2018_122,NRO,27,NA,69,68,1,2,NA,2,85850
2018_123,NRO,20,NA,30,29,1,3,NA,1,91468.97
2018_124,NRO,40,NA,86,85,1,2,NA,NA,87870
2018_125,JRO,106,NA,37,36,1,2,NA,1,158503.02
2018_126,JRO,52,NA,38,37,1,2,NA,1,64390.54
2018_127,CRO,28,1,34,29,1,2,2,1,45712.33
2018_128,JRO,77,NA,35,34,1,2,NA,1,82471.28
2018_129,JRO,19,1,70,69,1,2,NA,1,93480.6
2018_13,JRO,19,NA,33,31,2,2,NA,2,142168.68
2018_130,JRO,28,2,89,75,5,4,6,1,445279.51
2018_131,NRO,40,NA,6,6,NA,88,NA,NA,75750
2018_132,NRO,30,NA,86,86,NA,2,NA,NA,69690
2018_133,JRO,15,NA,43,42,1,1,NA,1,144015.07
2018_134,CRO,27,1,31,30,1,2,NA,2,50679.46
2018_135,NRO,10,NA,20,19,1,3,NA,1,57621.44
2018_136,CRO,38,NA,45,42,3,1,NA,1,107571.7
2018_137,NRO,24,NA,83,83,NA,2,NA,NA,58176
2018_138,NRO,30,NA,83,83,NA,2,NA,NA,42420
2018_139,JRO,98,NA,57,56,1,2,NA,2,100480.63
2018_14,JRO,44,1,128,125,3,2,NA,1,375043.31999999995
2018_140,JRO,19,NA,62,61,1,2,NA,1,93883.5
2018_141,NRO,73,NA,62,61,1,2,NA,NA,100000.83
2018_142,CRO,41,1,35,30,1,2,2,1,45194.45
2018_143,NRO,31,1,104,103,1,2,NA,NA,166137.61
2018_144,NRO,29,NA,73,73,NA,NA,NA,NA,58479
2018_145,JRO,43,NA,37,36,1,2,NA,1,90831.9
2018_146,CRO,30,1,37,31,1,2,3,2,46418.82
2018_147,JRO,40,1,89,83,6,3,NA,2,528002.58
2018_148,CRO,29,1,44,43,1,1,NA,1,117917.82
2018_149,NRO,30,NA,85,85,NA,2,NA,NA,52015
2018_15,NRO,35,NA,81,81,NA,2,NA,NA,41713
2018_150,CRO,22,1,37,29,1,2,5,2,45521.54
2018_151,CRO,56,NA,39,38,1,NA,NA,1,107960.72
2018_152,NRO,68,1,91,90,1,2,NA,3,408026.09
2018_153,JRO,20,NA,66,60,6,2,NA,2,340707.11000000004
2018_154,JRO,5,1,15,12,1,1,1,1,166857.2
2018_155,JRO,69,NA,32,31,1,2,NA,1,74899.76
2018_156,JRO,78,1,37,36,1,4,NA,1,79741.23
2018_157,CRO,27,NA,37,29,1,2,5,1,49077.31
2018_158,JRO,96,NA,30,29,1,2,NA,1,94763.19
2018_159,JRO,NA,NA,32,31,1,2,NA,1,73772.85
2018_16,CRO,65,1,44,39,2,2,2,2,118789.79
2018_160,NRO,NA,NA,62,62,NA,2,NA,NA,97970
2018_161,JRO,16,1,66,61,2,2,1,1,175722.27
2018_162,JRO,28,NA,81,78,3,2,NA,3,368077.77
2018_163,CRO,42,1,36,29,1,2,4,1,49681.25
2018_164,NRO,25,NA,66,65,1,2,NA,NA,95618.63
2018_165,CRO,46,1,25,24,1,1,NA,2,40331.34
2018_166,NRO,25,NA,63,63,NA,2,NA,NA,75750
2018_167,JRO,23,NA,56,54,2,3,NA,1,97110.75
2018_168,JRO,69,NA,134,133,1,1,NA,1,366865.61
2018_169,NRO,5,NA,13,12,1,1,NA,NA,155369.36
2018_17,JRO,37,1,54,52,2,3,NA,1,101717.91
2018_170,JRO,4,1,22,21,1,1,NA,1,83027.24
2018_171,NRO,14,NA,31,30,1,2,NA,NA,54136
2018_172,CRO,10,1,39,38,1,NA,NA,1,192356.16
2018_173,NRO,14,NA,32,32,NA,2,NA,NA,65650
2018_174,JRO,81,NA,37,36,1,2,NA,1,103756.26
2018_175,JRO,60,1,85,81,4,3,NA,1,434118.74
2018_176,NRO,94,NA,36,35,1,2,NA,NA,98238.53
2018_177,CRO,46,1,40,34,1,2,3,1,45645.12
2018_178,JRO,93,NA,27,26,1,4,NA,1,77286.76
2018_179,JRO,66,1,75,69,2,2,2,1,217756.42
2018_18,JRO,19,1,59,56,1,1,1,1,169142.54
2018_180,CRO,40,1,32,30,2,2,NA,1,45645.12
2018_181,JRO,34,1,96,91,5,3,NA,1,445403.72
2018_182,NRO,28,NA,64,63,1,2,NA,NA,959650
2018_183,NRO,26,1,56,55,1,2,NA,2,136615.96
2018_184,CRO,34,1,41,38,3,1,NA,1,105399.32
2018_185,CRO,32,NA,40,34,2,2,2,1,44534.33
2018_186,JRO,79,NA,52,48,4,2,NA,1,86101.19
2018_187,NRO,22,NA,60,60,NA,2,NA,NA,60095
2018_188,NRO,12,NA,19,18,1,NA,NA,NA,46313.55
2018_189,JRO,17,NA,72,69,3,5,NA,3,452387.24
2018_19,CRO,53,1,27,24,1,1,1,1,46880.53
2018_190,CRO,57,1,37,35,2,1,NA,1,112944.01
2018_191,NRO,8,1,14,13,1,3,NA,1,143856.01
2018_192,NRO,19,NA,43,41,2,2,NA,NA,64640
2018_193,NRO,29,NA,72,71,1,2,NA,NA,64640
2018_194,JRO,57,1,51,50,1,2,NA,1,NA
2018_195,NRO,38,NA,107,106,1,2,NA,NA,117385.56
2018_196,JRO,15,1,38,37,1,1,NA,1,NA
2018_197,JRO,15,NA,48,47,1,1,NA,1,NA
2018_198,CRO,25,NA,39,33,2,2,2,1,42111.12
2018_199,JRO,2,1,6,5,1,1,NA,1,NA
2018_2,NRO,4,NA,19,18,1,2,NA,NA,80598
2018_20,NRO,3,1,14,13,1,2,NA,NA,166572.93
2018_200,NRO,19,NA,66,65,1,2,NA,NA,72316
2018_201,NRO,13,NA,19,18,1,NA,NA,NA,44769.77
2018_202,NRO,40,1,98,97,1,2,NA,2,120790.95
2018_203,NRO,46,1,101,100,1,1,NA,NA,366363.82
2018_204,JRO,36,NA,92,86,6,4,NA,1,506103.73000000004
2018_205,NRO,27,NA,59,58,1,2,NA,NA,61105
2018_206,NRO,79,1,48,47,1,2,NA,NA,83211.42
2018_207,NRO,50,NA,87,86,1,2,NA,2,123194.75
2018_208,NRO,14,NA,20,19,1,NA,NA,NA,44769.77
2018_209,CRO,36,1,35,28,3,2,2,1,32483.43
2018_21,NRO,27,NA,76,76,NA,2,NA,NA,55530
2018_210,NRO,28,NA,64,63,1,2,NA,NA,60095
2018_211,JRO,108,NA,40,39,1,2,NA,1,NA
2018_212,NRO,16,NA,49,48,1,2,NA,NA,170923.54
2018_213,JRO,95,NA,37,36,1,2,NA,1,NA
2018_214,CRO,16,1,40,38,2,NA,NA,2,44158.37
2018_215,NRO,45,NA,111,110,1,2,NA,2,123395.07
2018_216,NRO,39,NA,78,77,1,3,NA,1,95669.91
2018_217,NRO,12,NA,18,17,1,NA,NA,NA,44769.77
2018_218,JRO,18,1,41,40,1,1,NA,1,NA
2018_219,NRO,8,NA,22,20,2,2,NA,NA,79970
2018_22,JRO,137,NA,58,56,2,2,NA,2,210941.72000000003
2018_220,NRO,17,NA,31,30,1,2,NA,NA,71388.33
2018_221,CRO,24,1,39,36,1,1,1,1,41987.5
2018_222,NRO,17,NA,71,70,1,2,NA,NA,98239.26
2018_223,NRO,35,NA,39,38,1,2,NA,NA,97575.55
2018_224,NRO,1,NA,5,4,1,1,NA,NA,80800
2018_225,NRO,9,NA,16,14,2,NA,NA,NA,44264.77
2018_226,NRO,14,NA,32,30,2,2,NA,NA,47024.65
2018_227,JRO,126,NA,44,43,1,4,NA,1,NA
2018_228,JRO,24,1,57,55,2,2,NA,3,NA
2018_229,JRO,28,2,61,60,1,1,NA,1,NA
2018_23,JRO,42,NA,53,52,1,2,NA,2,91997.74
2018_230,CRO,37,1,38,37,1,2,NA,1,109996.57
2018_231,NRO,14,NA,33,32,1,2,NA,NA,55550
2018_232,JRO,17,NA,52,51,1,1,NA,1,NA
2018_233,NRO,10,1,29,28,1,2,NA,2,112842.58
2018_234,CRO,72,1,42,40,2,2,NA,1,166105.89
2018_235,CRO,28,NA,39,34,1,2,2,1,44224.98
2018_236,NRO,96,1,42,41,1,2,NA,NA,79359.68
2018_237,NRO,17,NA,66,65,1,2,NA,NA,97265.24
2018_238,JRO,18,NA,57,54,3,3,NA,NA,1567.07
2018_239,NRO,40,NA,83,82,1,2,NA,NA,59799.75
2018_24,JRO,20,1,35,33,2,1,NA,1,163095.49
2018_240,JRO,13,1,43,42,1,1,NA,2,NA
2018_241,JRO,92,1,26,25,1,2,NA,1,NA
2018_242,CRO,21,1,39,33,2,2,2,1,42898.41
2018_243,JRO,98,1,30,29,1,2,NA,2,NA
2018_244,NRO,39,NA,80,79,1,2,NA,NA,66560
2018_245,JRO,25,1,99,95,4,2,NA,3,43474.74
2018_246,JRO,22,NA,45,43,2,3,1,2,NA
2018_247,CRO,29,1,53,48,1,2,2,1,43888.14
2018_248,NRO,41,1,88,88,NA,2,NA,2,61105
2018_249,JRO,25,1,56,53,3,1,NA,NA,NA
2018_25,JRO,20,1,59,55,4,1,NA,NA,331459.75999999995
2018_250,NRO,2,NA,4,3,1,NA,NA,1,55377.96
2018_251,NRO,38,NA,82,81,1,2,NA,NA,65650
2018_252,JRO,2,1,11,10,1,1,NA,2,NA
2018_253,NRO,6,NA,19,18,1,2,NA,1,142306.41
2018_254,JRO,17,1,67,66,1,1,NA,1,NA
2018_255,CRO,31,1,39,33,2,2,2,1,43335.74
2018_256,JRO,4,1,21,19,2,3,NA,1,36062.72
2018_257,NRO,33,NA,71,70,1,2,NA,2,53833
2018_258,NRO,31,NA,104,103,1,2,NA,2,319000
2018_259,NRO,27,NA,74,73,1,2,NA,NA,70498
2018_26,JRO,25,NA,66,65,1,2,NA,4,65721.28
2018_260,JRO,32,1,82,77,5,5,NA,2,198002.04
2018_261,JRO,60,NA,38,37,1,2,NA,1,NA
2018_262,CRO,36,1,36,33,3,2,NA,1,120924.17
2018_263,JRO,115,NA,39,37,2,2,NA,2,NA
2018_264,JRO,18,NA,57,56,1,2,NA,1,NA
2018_265,CRO,25,1,39,37,2,2,NA,1,105528.09
2018_266,JRO,101,1,43,42,1,4,NA,1,NA
2018_267,NRO,36,NA,77,76,1,2,NA,NA,64539
2018_268,JRO,19,1,34,33,1,1,NA,1,NA
2018_269,CRO,35,NA,38,32,2,2,2,1,42779.44
2018_27,CRO,23,1,29,28,1,2,NA,2,54417.22
2018_270,JRO,10,NA,34,33,1,2,NA,1,NA
2018_271,JRO,52,NA,39,38,1,2,NA,1,NA
2018_272,CRO,65,1,44,43,1,1,NA,1,100047.27
2018_273,JRO,31,1,97,91,6,4,NA,2,NA
2018_274,NRO,NA,NA,85,84,1,2,NA,NA,52520
2018_275,NRO,40,NA,95,94,1,2,NA,NA,47268
2018_276,NRO,15,NA,24,23,1,2,NA,1,61511.03
2018_277,CRO,31,1,35,33,2,2,NA,1,43363.42
2018_278,JRO,10,NA,27,26,1,1,NA,1,NA
2018_279,NRO,7,NA,31,25,2,3,1,NA,215478.35
2018_28,JRO,50,1,123,116,7,4,NA,2,501956.69
2018_280,NRO,39,NA,74,73,1,2,NA,NA,58580
2018_281,JRO,43,NA,68,67,1,1,NA,1,NA
2018_282,NRO,14,NA,35,33,2,1,NA,NA,98667.87
2018_283,JRO,26,1,76,73,3,1,1,NA,319000
2018_284,NRO,5,NA,18,17,1,3,NA,NA,126541.53
2018_285,NRO,18,NA,67,66,1,2,NA,NA,55449
2018_286,NRO,31,1,61,60,1,3,NA,1,88178.9
2018_287,CRO,29,1,39,33,2,2,2,1,43081.32
2018_288,JRO,15,NA,60,59,1,2,NA,1,NA
2018_289,CRO,27,1,36,35,1,2,NA,1,42441.89
2018_29,NRO,28,NA,70,70,NA,2,NA,NA,51510
2018_290,JRO,26,1,71,67,4,5,NA,2,NA
2018_291,JRO,98,NA,36,35,1,2,NA,1,NA
2018_292,NRO,21,NA,48,47,1,2,NA,NA,73225
2018_293,JRO,25,NA,74,73,1,2,NA,1,NA
2018_294,JRO,101,NA,37,36,1,2,NA,1,NA
2018_295,NRO,20,NA,40,39,1,3,NA,1,61625.67
2018_296,JRO,44,NA,59,58,1,1,NA,1,NA
2018_297,NRO,39,NA,92,91,1,2,NA,NA,62620
2018_298,JRO,42,NA,82,81,1,2,NA,1,NA
2018_299,NRO,27,1,51,45,2,2,2,NA,140886.92
2018_3,NRO,29,NA,69,68,1,2,NA,NA,62115
2018_30,NRO,9,NA,16,15,1,1,NA,NA,74550.12
2018_300,CRO,26,NA,41,35,2,2,2,1,43510.22
2018_301,JRO,19,2,63,57,6,3,NA,2,NA
2018_302,NRO,13,NA,38,37,1,2,NA,NA,52520
2018_303,JRO,21,1,72,70,2,2,NA,1,NA
2018_304,JRO,33,NA,53,52,1,4,NA,1,NA
2018_305,NRO,25,NA,69,64,2,2,1,1,188288.47
2018_306,JRO,10,NA,32,31,1,2,NA,1,NA
2018_307,CRO,21,1,41,35,2,2,2,1,42226.19
2018_308,CRO,67,NA,39,37,2,1,NA,1,153941.82
2018_309,NRO,11,NA,31,30,1,3,NA,1,88795
2018_31,NRO,39,NA,86,86,NA,2,NA,NA,49187
2018_310,NRO,22,NA,56,55,1,2,NA,NA,51409
2018_311,JRO,5,NA,9,8,1,2,NA,1,NA
2018_312,NRO,7,NA,30,29,1,2,NA,NA,33330
2018_313,NRO,15,1,49,48,1,1,NA,NA,274262.39
2018_314,JRO,109,NA,42,41,1,4,NA,1,NA
2018_315,CRO,19,2,41,35,2,2,2,1,42052.33
2018_316,JRO,39,NA,76,73,3,2,NA,2,NA
2018_317,JRO,79,NA,46,45,1,2,NA,1,NA
2018_318,NRO,3,NA,14,8,1,1,4,NA,75405.33
2018_319,JRO,25,1,99,96,3,6,NA,NA,314966.74
2018_32,JRO,26,1,80,77,3,2,NA,1,200032.13999999998
2018_320,JRO,14,NA,53,52,1,2,NA,1,NA
2018_321,CRO,33,1,35,28,2,2,3,1,42533.17
2018_322,NRO,16,NA,39,38,1,2,NA,2,54035
2018_323,JRO,10,1,37,33,4,3,NA,1,47500
2018_324,JRO,19,NA,29,29,NA,4,NA,1,NA
2018_325,NRO,30,NA,79,78,1,2,NA,NA,50000
2018_326,CRO,32,NA,38,31,2,2,3,1,42438.69
2018_327,JRO,46,1,112,107,5,2,NA,1,NA
2018_328,CRO,68,NA,45,44,1,NA,NA,1,105717.98
2018_329,NRO,21,NA,76,75,1,2,NA,NA,96728.1
2018_33,CRO,31,1,31,31,NA,NA,NA,2,51713.42
2018_330,JRO,79,NA,35,34,1,2,NA,1,NA
2018_331,JRO,2,NA,7,6,1,NA,NA,2,NA
2018_332,NRO,60,NA,109,108,1,2,NA,NA,368115.38
2018_333,JRO,38,1,106,97,9,4,NA,NA,3902.64
2018_334,JRO,91,NA,29,28,1,2,NA,1,NA
2018_335,JRO,74,NA,35,34,1,4,NA,1,NA
2018_336,NRO,9,NA,26,23,1,1,1,NA,87874.04
2018_337,JRO,24,NA,91,89,2,4,NA,NA,NA
2018_338,NRO,1,NA,5,4,1,NA,NA,1,73293.12
2018_339,NRO,21,NA,58,57,1,1,NA,NA,232727.22
2018_34,NRO,3,NA,12,11,1,2,NA,1,162260.58
2018_340,CRO,39,1,38,31,2,2,3,1,43430.2
2018_341,JRO,15,3,56,55,1,NA,2,1,NA
2018_342,NRO,20,NA,60,59,1,2,NA,NA,39390
2018_343,NRO,15,1,45,44,1,2,NA,2,73112.39
2018_344,JRO,47,NA,41,40,1,2,NA,2,NA
2018_345,NRO,40,NA,85,83,2,2,NA,NA,57570
2018_346,NRO,15,NA,44,43,1,2,NA,2,70142.99
2018_35,NRO,29,NA,65,65,NA,2,NA,NA,57570
2018_36,NRO,37,NA,93,93,NA,1,NA,NA,47975
2018_37,CRO,26,NA,29,27,2,2,NA,3,51208.5
2018_38,JRO,135,1,36,2,34,NA,NA,2,167235.94
2018_39,JRO,10,1,27,25,2,2,NA,1,181344.07
2018_4,JRO,47,NA,30,29,1,2,NA,3,61648.85
2018_40,JRO,136,NA,39,38,1,2,NA,2,165967.82
2018_41,NRO,19,NA,71,71,NA,2,NA,NA,57570
2018_42,JRO,24,1,65,63,2,3,NA,2,100706.43
2018_43,NRO,32,NA,82,82,NA,2,NA,NA,60600
2018_44,CRO,65,1,46,42,2,1,1,1,158747.46
2018_45,JRO,14,NA,43,42,1,1,NA,1,150640.92
2018_46,JRO,4,NA,21,19,2,2,NA,1,76287.17
2018_47,CRO,60,1,25,24,1,1,NA,2,61560.42
2018_48,JRO,20,1,63,55,8,3,NA,1,350045.72000000003
2018_49,NRO,40,NA,90,90,NA,2,NA,NA,55530
2018_5,JRO,90,NA,34,33,1,2,NA,2,67904.87
2018_50,JRO,59,NA,73,70,3,4,NA,1,193533.99
2018_51,JRO,3,NA,10,9,1,2,NA,1,91659.27
2018_52,NRO,34,NA,76,76,NA,2,NA,NA,47369
2018_53,NRO,3,NA,11,10,1,1,NA,NA,99454.8
2018_54,CRO,27,NA,28,27,1,2,NA,1,51155.91
2018_55,JRO,25,NA,73,72,1,2,NA,1,97658.17
2018_56,JRO,45,1,132,126,6,3,NA,1,487077.05000000005
2018_57,CRO,50,1,29,28,1,2,NA,3,83574.32
2018_58,NRO,31,NA,73,73,NA,2,NA,NA,48278
2018_59,NRO,33,NA,83,82,1,2,NA,NA,69437.5
2018_6,CRO,30,1,33,27,2,2,2,1,54462.36
2018_60,NRO,7,NA,21,20,1,1,NA,NA,89081.39
2018_61,CRO,27,1,29,28,1,2,NA,4,48282.78
2018_62,JRO,75,1,140,137,3,2,NA,2,477820.2
2018_63,NRO,9,NA,34,33,1,1,NA,1,96405.17
2018_64,JRO,61,NA,40,38,2,3,NA,1,89333.18
2018_65,NRO,31,NA,74,2,72,NA,NA,NA,52722
2018_66,JRO,130,NA,35,34,1,2,NA,2,100907.07
2018_67,NRO,11,1,35,34,1,3,NA,1,247277.37
2018_68,JRO,135,NA,39,38,1,2,NA,1,166853.29
2018_69,JRO,19,2,54,51,3,3,NA,2,386139.9
2018_7,NRO,18,NA,61,60,1,2,NA,NA,60398
2018_70,CRO,29,2,NA,NA,NA,NA,NA,1,31726.54
2018_71,NRO,31,NA,83,83,NA,2,NA,NA,48429.5
2018_72,NRO,34,NA,77,77,NA,2,NA,NA,51005
2018_73,JRO,3,NA,12,11,1,NA,NA,1,115107.54
2018_74,JRO,97,NA,43,42,1,4,NA,2,119599.52
2018_75,CRO,52,1,46,42,4,1,NA,1,119745.8
2018_76,CRO,38,1,38,33,1,2,2,1,49368.63
2018_77,JRO,12,1,32,30,2,3,NA,1,98903.72
2018_78,NRO,36,NA,62,61,1,2,NA,2,157139.84
2018_79,JRO,10,1,41,40,1,1,NA,1,153550.02
2018_8,JRO,14,NA,30,29,1,3,NA,1,57575.56
2018_80,CRO,31,1,36,28,1,2,5,2,47974.43
2018_81,JRO,16,NA,40,38,2,3,NA,2,64646.7
2018_82,JRO,50,NA,57,56,1,2,NA,1,144881
2018_83,NRO,5,NA,16,15,1,2,NA,1,114549.09
2018_84,CRO,57,1,18,17,1,NA,2,2,43893.13
2018_85,CRO,54,1,33,32,1,NA,NA,1,145872.78
2018_86,CRO,29,1,34,29,1,2,2,1,45273.58
2018_87,JRO,55,NA,55,54,1,2,NA,1,116608.52
2018_88,NRO,27,NA,67,66,1,2,NA,NA,59085
2018_89,JRO,27,1,79,73,3,2,1,4,441358.99
2018_9,JRO,22,1,75,67,2,4,2,2,231274.28
2018_90,JRO,10,1,35,33,2,NA,NA,1,187267.25
2018_91,NRO,6,1,23,19,1,2,1,NA,165189.6
2018_92,NRO,31,NA,41,40,1,2,NA,NA,306302.56
2018_93,CRO,30,2,35,29,1,2,3,1,46602.52
2018_94,NRO,22,NA,67,66,1,2,NA,NA,89585.95
2018_95,CRO,27,NA,24,23,1,NA,NA,1,40162.65
2018_96,NRO,40,NA,86,86,NA,2,NA,NA,41105.99
2018_97,NRO,40,NA,91,91,NA,2,NA,NA,52722
2018_98,NRO,13,NA,20,19,1,1,NA,NA,39647.15
2018_99,NRO,107,1,36,35,1,2,NA,NA,169771.62
RO-00853,JRO,50,1,128,102,5,NA,1,2,529419.79
RO-00855,JRO,43,1,108,102,3,NA,1,2,544484.04
RO-00857,JRO,45,1,137,128,6,NA,NA,3,601232.76
RO-00858,JRO,58,2,146,140,4,NA,NA,2,507930.30000000005
RO-00859,JRO,33,1,102,94,5,NA,1,2,392763.36
RO-00860,JRO,25,NA,62,59,2,NA,NA,1,122482.7
RO-00868,JRO,35,NA,111,110,1,NA,NA,NA,473072.07
RO-00869,JRO,38,2,94,93,1,NA,NA,NA,447029.74
RO-00870,JRO,21,NA,76,75,1,NA,NA,NA,442426.1
RO-00871,NRO,16,NA,38,36,1,NA,NA,1,58797.1
RO-00874,JRO,21,2,60,56,2,NA,NA,2,176343.82
RO-00875,JRO,7,2,34,31,2,NA,NA,1,99856.72
RO-00879,JRO,27,1,81,80,1,NA,NA,NA,275038.15
RO-00882,CRO,61,1,39,37,2,NA,NA,NA,124714.2
RO-00883,CRO,78,1,40,38,1,NA,1,NA,110655.11
RO-00884,CRO,78,2,39,37,2,NA,NA,NA,109112
RO-00885,CRO,34,1,33,27,3,NA,2,NA,35990.48
RO-00886,JRO,18,NA,72,71,1,NA,NA,NA,91894.27
RO-00887,CRO,65,1,45,44,1,NA,NA,NA,135886.59
RO-00888,JRO,66,NA,41,40,1,NA,NA,NA,82944.6
RO-00889,NRO,120,NA,49,45,1,NA,1,2,167861.5
RO-00891,NRO,40,NA,42,40,1,NA,NA,NA,89576.4
RO-00892,JRO,32,NA,39,38,1,NA,NA,NA,73790.38
RO-00894,JRO,14,2,55,52,2,NA,NA,1,174549.13
RO-00896,JRO,2,NA,14,13,1,NA,NA,NA,179306.11
RO-00898,JRO,2,1,18,13,3,NA,NA,2,1361.27
RO-00901,JRO,27,1,46,46,NA,NA,NA,NA,268825.18
RO-00902,CRO,33,1,37,32,2,NA,3,NA,43406.229999999996
RO-00904,CRO,24,1,40,35,2,NA,3,NA,41629.53
RO-00905,CRO,27,1,40,35,2,NA,3,NA,43704.51
RO-00907,JRO,15,NA,58,57,1,NA,NA,NA,275361.83
RO-00910,NRO,55,NA,47,45,1,NA,NA,NA,76957.02
RO-00914,JRO,8,1,31,28,2,NA,NA,1,302343.43000000005
RO-00915,JRO,7,2,26,21,2,NA,NA,3,38350.29
RO-00916,JRO,19,1,57,53,2,NA,NA,2,48167.39
RO-00918,NRO,17,NA,66,64,1,NA,NA,NA,95161.14
RO-00920,JRO,81,NA,48,47,1,NA,NA,NA,88528.2
RO-00923,NRO,32,NA,77,76,1,NA,NA,NA,60600
RO-00925,NRO,32,NA,79,77,NA,NA,NA,2,43430
RO-00926,NRO,78,NA,45,44,NA,NA,NA,NA,195123.33
RO-00927,JRO,20,NA,67,66,1,NA,NA,NA,195123.33
RO-00928,CRO,33,1,40,35,2,NA,3,NA,43712.49
RO-00929,CRO,26,1,40,35,2,NA,3,NA,42325.71
RO-00930,CRO,26,NA,37,32,2,NA,3,NA,42404.1
RO-00931,NRO,39,1,71,68,1,NA,NA,2,199379.39
RO-00932,CRO,34,1,39,33,2,NA,4,NA,44175.799999999996
RO-00933,JRO,70,1,108,104,2,NA,NA,2,433189.57
RO-00934,NRO,16,NA,41,40,1,NA,NA,NA,39895
RO-00935,JRO,62,NA,35,34,1,NA,NA,NA,100980.56
RO-00936,NRO,56,NA,41,38,2,NA,NA,NA,83487.54
RO-00937,NRO,34,NA,86,85,1,NA,NA,NA,125822.21
RO-00939,JRO,30,1,80,79,1,NA,NA,NA,277071.17
RO-00941,NRO,22,NA,74,72,2,NA,NA,NA,53530
RO-00942,JRO,4,NA,18,17,1,NA,NA,NA,52064.03
RO-00943,NRO,4,NA,12,10,1,NA,NA,1,80844.95
RO-00944,NRO,9,NA,54,53,1,NA,NA,NA,39379.9
RO-00945,JRO,56,1,72,71,1,NA,NA,NA,70687.21
RO-00946,JRO,85,NA,43,42,1,NA,NA,NA,100825.91
RO-00947,CRO,37,1,23,22,1,NA,NA,NA,40282.1
RO-00949,CRO,49,1,26,24,1,NA,1,NA,39115
RO-00950,CRO,60,1,25,24,1,NA,NA,NA,40422.31
RO-00951,NRO,16,NA,53,52,1,NA,NA,NA,37269
RO-00952,JRO,101,NA,42,41,1,NA,NA,NA,102025.6
RO-00953,JRO,147,NA,45,43,1,NA,NA,1,171205.28
RO-00954,CRO,31,1,40,35,2,NA,3,NA,44315.049999999996
RO-00955,CRO,27,1,40,35,2,NA,3,NA,43906.76
RO-00956,CRO,26,2,36,34,2,NA,NA,NA,41150.75
RO-00957,NRO,15,NA,52,50,1,NA,NA,NA,191297.61
RO-00958,CRO,35,2,37,32,2,NA,3,NA,42831.7
RO-00959,JRO,5,2,29,28,1,NA,NA,NA,70146.81
RO-00960,JRO,3,1,17,16,1,NA,NA,NA,50419.79
RO-00961,JRO,21,NA,72,71,1,NA,NA,NA,98101.69
RO-00962,NRO,15,NA,46,45,1,NA,NA,NA,39390
RO-00963,NRO,35,NA,52,50,1,NA,NA,NA,58716.75
RO-00964,JRO,20,NA,24,23,1,NA,NA,NA,45674.77
RO-00965,JRO,31,1,94,88,2,NA,3,1,397951.62
RO-00966,CRO,60,1,39,38,1,NA,NA,NA,216432.86
RO-00967,JRO,27,1,76,74,1,NA,1,NA,317667.5
RO-00970,JRO,54,2,133,127,5,NA,NA,1,476315.69
RO-00971,JRO,47,1,112,105,4,NA,2,1,448822.27
RO-00973,JRO,19,2,61,55,3,NA,1,2,419005.80000000005
RO-00974,JRO,43,1,122,110,8,NA,1,3,420967.72
RO-00975,CRO,27,1,39,34,2,NA,3,NA,43862.32
RO-00976,CRO,43,1,50,45,2,NA,3,NA,43424.74
RO-00977,CRO,39,1,41,35,2,NA,4,NA,78564.38
RO-00978,CRO,36,1,40,35,2,NA,3,NA,45610.91
RO-00980,JRO,53,1,63,61,1,NA,NA,1,137139.2
RO-00982,JRO,44,1,127,119,6,NA,NA,2,407771.4
RO-00983,JRO,18,NA,45,42,2,NA,NA,1,59420.88
RO-00984,NRO,15,NA,49,47,1,NA,NA,1,36358.99
RO-00985,NRO,17,1,74,71,1,NA,NA,2,131939.33
RO-00986,NRO,9,NA,28,26,1,NA,NA,1,58994.1
RO-00987,JRO,19,1,75,74,1,NA,NA,NA,98327.49
RO-00988,JRO,14,1,69,46,7,NA,1,4,335093.73
RO-00989,CRO,52,1,39,38,1,NA,NA,NA,106667.31000000001
RO-00990,NRO,2,NA,10,9,1,NA,NA,NA,154061.15
RO-00991,NRO,16,NA,46,45,1,NA,NA,NA,38380
RO-00993,JRO,34,NA,108,105,2,NA,NA,1,343403.73
RO-00994,NRO,62,1,99,96,1,NA,NA,2,385976.91
RO-00996,NRO,46,1,80,77,1,NA,NA,2,192969.25
RO-00997,NRO,11,NA,44,43,1,NA,NA,NA,34843.99
RO-00998,NRO,26,NA,60,58,2,NA,NA,NA,43428.99
RO-00999,NRO,20,1,41,39,1,NA,NA,NA,171078.67
RO-01000,JRO,99,NA,42,41,1,NA,NA,NA,94303.3
RO-01001,JRO,57,1,134,128,3,NA,1,1,491636.12
RO-01002,JRO,44,1,118,112,5,NA,1,NA,406823.05
RO-01003,JRO,69,NA,45,44,1,NA,NA,NA,85569.42
RO-01004,JRO,18,NA,70,69,1,NA,NA,NA,100767.59
RO-01005,JRO,51,1,46,45,1,NA,NA,NA,100231.97
RO-01006,JRO,20,1,63,58,2,NA,2,1,457451.12
RO-01007,NRO,15,NA,23,22,1,NA,NA,NA,37307.38
RO-01008,JRO,21,2,44,43,1,NA,NA,NA,124346.53
RO-01009,CRO,50,1,39,36,1,NA,2,NA,100016.42
RO-01010,NRO,30,NA,89,87,2,NA,NA,NA,44743
RO-01011,JRO,38,1,92,85,4,NA,NA,3,423095.26999999996
RO-01012,JRO,71,NA,69,68,1,NA,NA,NA,103474.87
RO-01013,JRO,53,NA,64,63,1,NA,NA,NA,112102.39
RO-01014,JRO,3,NA,19,18,1,NA,NA,NA,54890.25
RO-01015,JRO,46,1,80,77,2,NA,NA,1,180419.34999999998
RO-01016,NRO,21,1,70,69,1,NA,NA,NA,40501
RO-01017,CRO,23,1,40,35,2,NA,3,NA,41283.48
RO-01018,CRO,18,1,40,35,2,NA,3,NA,43789.09
RO-01019,CRO,29,1,39,36,NA,NA,3,NA,42355.5
RO-01020,CRO,23,1,40,36,1,NA,3,NA,42886.33
RO-01021,NRO,35,1,112,108,2,NA,NA,2,2045.24
RO-01022,NRO,30,1,65,62,1,NA,NA,2,148899.58
RO-01024,JRO,32,NA,70,68,1,NA,1,NA,436620.18
RO-01025,NRO,31,NA,104,101,1,NA,NA,2,147697.68
RO-01026,JRO,26,NA,95,92,2,NA,NA,NA,325765.24
RO-01027,NRO,13,1,62,58,1,NA,2,NA,106759.88
RO-01028,NRO,36,1,47,45,1,NA,NA,NA,76693.29
RO-01029,JRO,101,NA,57,55,2,NA,NA,NA,146564.02000000002
RO-01030,NRO,18,NA,55,53,2,NA,NA,NA,49995
RO-01031,JRO,24,1,73,71,2,NA,NA,NA,330294.65
RO-01032,NRO,60,NA,40,38,1,NA,NA,NA,91918.64
RO-01035,JRO,42,NA,43,42,1,NA,NA,NA,106451.88
RO-01036,JRO,27,NA,68,66,1,NA,NA,1,351339.2
RO-01037,CRO,49,2,41,37,2,NA,NA,2,110174.76000000001
RO-01038,CRO,56,1,41,37,4,NA,NA,NA,165729.29
RO-01039,NRO,21,NA,76,74,1,NA,NA,NA,100069.8
RO-01040,NRO,1,NA,5,3,1,NA,NA,1,41116.09
RO-01041,JRO,60,NA,64,62,1,NA,NA,1,153260.24
RO-01042,NRO,20,1,56,54,1,NA,NA,1,486617.58
RO-01043,JRO,24,NA,58,57,1,NA,NA,NA,432618.87
RO-01044,NRO,11,NA,25,23,1,NA,NA,1,62120.56
RO-01045,NRO,12,NA,34,32,1,NA,NA,1,69874.93
RO-01046,CRO,33,1,41,37,1,NA,3,NA,43856.35
RO-01047,JRO,90,NA,65,64,1,NA,NA,NA,125277.64
RO-01048,JRO,41,1,112,106,4,NA,NA,2,577095.38
RO-01049,JRO,44,1,118,111,3,NA,2,2,589087.36
RO-01050,JRO,29,1,76,72,3,NA,NA,1,519177.24
RO-01053,JRO,3,1,7,6,1,NA,NA,NA,181741.08
RO-01054,JRO,15,1,46,39,4,NA,1,2,271858.55
RO-01055,NRO,35,NA,87,86,1,NA,NA,NA,50096
RO-01056,NRO,50,1,117,114,2,NA,NA,1,511811.2
RO-01057,NRO,15,NA,23,22,1,NA,NA,NA,39592
RO-01058,NRO,28,NA,69,68,1,NA,NA,NA,48379
RO-01059,JRO,44,NA,108,102,4,NA,NA,2,582301.02
RO-01060,JRO,38,1,80,77,2,NA,NA,1,166293.65000000002
RO-01061,JRO,23,1,68,67,1,NA,NA,NA,96212.76
RO-01063,JRO,12,1,60,59,1,NA,NA,NA,394538.79
RO-01065,JRO,9,1,40,39,1,NA,NA,NA,159075.73
RO-01066,JRO,40,1,132,130,2,NA,NA,NA,412359.61
RO-01067,JRO,35,1,126,121,3,NA,NA,2,508810.02
RO-01068,JRO,37,1,111,108,3,NA,NA,NA,481519.28
RO-01069,CRO,24,1,41,37,1,NA,3,NA,42346.409999999996
RO-01070,CRO,39,1,42,38,1,NA,3,NA,42723.100000000006
RO-01071,CRO,32,1,41,37,1,NA,3,NA,41572.26
RO-01072,CRO,13,2,39,34,1,NA,4,NA,104822.37
RO-01073,JRO,75,NA,38,37,1,NA,NA,NA,114447.54
RO-01074,CRO,45,1,49,48,1,NA,NA,NA,47727.69
RO-01075,CRO,29,1,26,24,2,NA,NA,NA,39095.74
RO-01076,JRO,39,NA,26,25,1,NA,NA,NA,105160.98
RO-01077,JRO,21,1,65,64,1,NA,NA,NA,113570.59
RO-01078,NRO,18,NA,51,50,1,NA,NA,NA,62620
RO-01079,NRO,28,NA,33,31,1,NA,NA,NA,88553.61
RO-01080,JRO,11,NA,47,46,1,NA,NA,NA,433463.22
RO-01081,NRO,26,NA,63,62,1,NA,NA,NA,50399
RO-01083,NRO,15,NA,53,51,2,NA,NA,NA,44440
RO-01087,JRO,96,NA,41,40,1,NA,NA,NA,119371.23
RO-01088,JRO,45,2,74,73,1,NA,NA,NA,448621.26
RO-01089,JRO,31,1,74,73,1,NA,NA,NA,403064.4
RO-01090,JRO,34,NA,87,85,2,NA,NA,NA,467240.77999999997
RO-01091,NRO,10,NA,32,29,1,NA,NA,2,59007.74
RO-01092,NRO,36,NA,70,67,1,NA,NA,2,146095.16
RO-01093,NRO,25,NA,65,63,1,NA,NA,NA,120077.52
RO-01094,JRO,20,1,82,80,1,NA,NA,1,329803.2
RO-01095,NRO,32,NA,113,108,2,NA,NA,3,137510.72
RO-01096,NRO,23,NA,90,87,2,NA,NA,1,47975
RO-01097,NRO,14,NA,58,55,3,NA,NA,NA,67619.5
RO-01099,JRO,45,NA,46,44,1,NA,NA,1,108563.83
RO-01100,JRO,42,2,139,132,4,NA,1,2,609477.84
RO-01102,CRO,19,1,42,38,1,NA,3,NA,42514.450000000004
RO-01103,CRO,25,2,41,37,1,NA,3,NA,44607.87
RO-01104,CRO,23,1,42,38,1,NA,3,NA,43533.58
RO-01105,CRO,46,1,43,38,2,NA,2,NA,145612.71
RO-01106,NRO,12,1,40,38,1,NA,NA,NA,284147.6
RO-01107,NRO,25,NA,63,62,1,NA,NA,NA,50348.5
RO-01108,CRO,86,1,39,38,1,NA,NA,NA,105327.53
RO-01109,JRO,39,NA,34,33,1,NA,NA,NA,83464.1
RO-01111,JRO,50,NA,59,58,1,NA,NA,NA,91776.35
RO-01112,NRO,21,NA,65,63,2,NA,NA,NA,52015
RO-01113,NRO,3,NA,18,16,1,NA,NA,NA,55598.24
RO-01114,NRO,29,NA,62,60,2,NA,NA,NA,49338.5
RO-01115,JRO,8,1,40,39,1,NA,NA,NA,389904.36
RO-01116,NRO,26,NA,95,93,1,NA,NA,NA,387049.46
RO-01117,JRO,42,NA,35,34,1,NA,NA,NA,101098.74
RO-01118,JRO,50,1,71,68,2,NA,NA,1,120403.42
RO-01119,NRO,20,NA,71,70,1,NA,NA,NA,48884
RO-01120,NRO,33,NA,78,76,2,NA,NA,NA,49742.5
RO-01121,NRO,25,NA,76,74,2,NA,NA,NA,62620
RO-01122,NRO,15,NA,46,45,1,NA,NA,NA,62468.5
RO-01123,JRO,21,2,91,87,3,NA,NA,NA,339341.02
RO-01124,JRO,42,NA,107,102,3,NA,NA,2,372925.72000000003
RO-01125,JRO,32,NA,91,87,4,NA,NA,NA,146007.44
RO-01127,CRO,27,1,42,38,1,NA,3,NA,43518.06
RO-01128,CRO,24,1,43,38,1,NA,3,NA,43256.41
RO-01129,CRO,20,1,4,NA,1,NA,3,NA,42256.86
RO-01130,CRO,16,1,43,38,1,NA,3,NA,40369.89
RO-01131,CRO,20,1,40,36,1,NA,3,NA,45426.72
RO-01132,CRO,31,1,42,38,1,NA,3,NA,42330.909999999996
RO-01133,CRO,34,1,42,38,1,NA,3,NA,42649.49
RO-01134,JRO,38,NA,65,62,2,NA,NA,1,184943.58000000002
RO-01135,JRO,21,1,58,54,3,NA,NA,1,391876.17
RO-01136,JRO,24,1,83,76,4,NA,1,2,417388.02999999997
RO-01137,JRO,35,1,112,105,6,NA,NA,1,472341.42
RO-01139,NRO,25,NA,64,63,1,NA,NA,NA,56812.5
RO-01140,JRO,53,1,86,82,2,NA,NA,2,208778.38
RO-01143,JRO,23,1,96,93,3,NA,NA,NA,229120.22
RO-01144,JRO,17,1,65,64,1,NA,NA,NA,365223.22
RO-01145,JRO,25,NA,50,48,1,NA,NA,1,103310.58
RO-01146,NRO,20,NA,55,53,2,NA,NA,NA,53782.5
RO-01147,NRO,26,NA,69,64,2,NA,NA,3,58681
RO-01148,JRO,2,NA,9,8,1,NA,NA,NA,142799.6
RO-01149,JRO,21,NA,66,63,2,NA,NA,1,107487.37999999999
RO-01150,JRO,32,1,90,87,2,NA,NA,1,433557.97
RO-01151,JRO,70,NA,41,39,1,NA,NA,1,87797.11
RO-01152,JRO,39,1,128,121,4,NA,NA,3,564112.61
RO-01153,NRO,22,NA,60,58,2,NA,NA,NA,49692
RO-01154,NRO,1,NA,6,5,1,NA,NA,NA,141099.6
RO-01155,NRO,30,NA,86,84,2,NA,NA,NA,55449
RO-01156,NRO,35,NA,75,73,2,NA,NA,NA,52015
RO-01158,JRO,35,NA,34,33,1,NA,NA,NA,100207.89
RO-01159,JRO,55,NA,43,42,1,NA,NA,NA,87613.5
RO-01160,NRO,3,NA,10,8,1,NA,NA,NA,195053.83
RO-01161,JRO,44,NA,110,109,1,NA,NA,NA,451900.26
RO-01162,JRO,36,1,87,86,1,NA,NA,NA,446720.55
RO-01163,JRO,44,1,110,109,1,NA,NA,NA,470430.53
RO-01164,JRO,92,NA,46,44,1,NA,NA,1,143282.61
RO-01165,NRO,59,1,53,51,1,NA,NA,NA,139730.09
RO-01166,NRO,19,NA,49,47,2,NA,NA,NA,65650
RO-01167,NRO,40,1,93,91,2,NA,NA,NA,54439
RO-01168,JRO,8,1,45,43,1,NA,NA,NA,305011.34
RO-01169,JRO,33,1,81,80,1,NA,NA,NA,312185.7
RO-01170,NRO,19,NA,74,72,1,NA,NA,NA,303672.28
RO-01171,JRO,19,1,58,57,1,NA,NA,NA,101083.29
RO-01172,JRO,25,NA,70,69,1,NA,NA,NA,98622.5
RO-01173,JRO,20,NA,67,66,1,NA,NA,NA,95838.66
RO-01174,JRO,108,NA,41,40,1,NA,NA,NA,146092.35
RO-01175,NRO,18,NA,54,52,2,NA,NA,NA,48884
RO-01176,JRO,42,1,118,113,3,NA,NA,2,468975.6
RO-01177,NRO,34,NA,79,77,2,NA,NA,NA,52924
RO-01178,NRO,31,NA,113,111,1,NA,1,NA,389219.07
RO-01179,JRO,49,1,102,100,2,NA,NA,NA,367644.13
RO-01180,JRO,45,1,124,120,3,NA,NA,1,456031.85000000003
RO-01184,NRO,3,NA,17,15,1,NA,NA,NA,56000.47
RO-01185,NRO,38,NA,95,94,1,NA,NA,NA,48581
RO-01186,JRO,29,NA,92,90,2,NA,NA,NA,285211.87
RO-01187,NRO,37,1,105,104,1,NA,NA,NA,398980.41
RO-01188,NRO,31,1,89,88,1,NA,NA,NA,399527.11
RO-01189,JRO,15,1,62,60,1,NA,1,NA,99601.14
RO-01190,NRO,38,NA,86,84,2,NA,NA,NA,51611
RO-01191,NRO,20,NA,70,69,1,NA,NA,NA,64892.5
RO-01192,NRO,40,1,121,118,1,NA,NA,2,1050.02
RO-01193,CRO,36,1,41,38,1,NA,2,NA,135709.80000000002
RO-01194,CRO,84,NA,39,38,1,NA,NA,NA,138684.09
RO-01195,CRO,52,1,41,38,1,NA,2,NA,137448.93
RO-01199,JRO,18,NA,57,52,3,NA,1,1,274489.5
RO-01200,NRO,46,NA,91,90,NA,NA,NA,1,365249.41
RO-01201,JRO,10,1,54,48,4,NA,NA,2,31412.06
RO-01202,NRO,25,NA,67,65,1,NA,NA,NA,312111.66
RO-01203,JRO,30,1,91,85,3,NA,NA,3,100032.3
RO-01204,JRO,35,1,99,94,4,NA,NA,1,363534.61
RO-01205,JRO,35,1,90,83,5,NA,NA,2,372158.75
RO-01210,NRO,4,NA,19,15,1,NA,2,1,91008.64
RO-01211,NRO,7,NA,27,24,1,NA,1,1,65071.27
RO-01212,NRO,5,NA,21,18,1,NA,1,1,78868.88
RO-01214,NRO,32,NA,83,81,2,NA,NA,NA,48783
RO-01215,CRO,55,1,42,38,1,NA,3,NA,42811.43
RO-01216,CRO,48,1,43,38,1,NA,4,NA,43639.950000000004
RO-01217,CRO,33,1,44,39,1,NA,4,NA,42895.3
RO-01218,CRO,36,1,46,41,1,NA,4,NA,44639.18
RO-01219,JRO,46,1,122,114,5,NA,NA,3,592387.73
RO-01220,JRO,23,1,67,60,3,NA,3,1,517011.16
RO-01221,NRO,21,1,69,68,1,NA,NA,NA,44238
RO-01224,JRO,118,1,67,63,2,NA,NA,1,192881.57
RO-01225,CRO,33,1,38,37,1,NA,NA,NA,107148.08
RO-01227,NRO,17,NA,51,49,1,NA,NA,1,71875.14
RO-01230,CRO,47,2,44,41,1,NA,1,NA,57772.05
RO-01231,JRO,11,1,52,50,2,NA,NA,NA,192091.74000000002
RO-01233,JRO,28,NA,108,106,2,NA,NA,NA,209233.16
RO-01234,NRO,27,1,53,49,1,NA,2,1,138683.43
RO-01235,NRO,30,NA,84,82,2,NA,NA,NA,49995
RO-01237,NRO,21,1,72,71,1,NA,NA,NA,190695.97
RO-01238,NRO,33,NA,93,91,2,NA,NA,NA,48278
RO-01239,NRO,32,NA,93,88,2,NA,NA,3,48076
RO-01242,JRO,9,NA,16,15,1,NA,NA,NA,113308.89
RO-01243,NRO,20,NA,87,85,2,NA,NA,NA,48227.5
RO-01244,NRO,15,NA,1,NA,1,NA,NA,NA,62418
RO-01245,JRO,31,1,97,92,3,NA,NA,2,4819.93
RO-01246,NRO,27,NA,89,87,2,NA,NA,NA,48278
RO-01247,JRO,51,NA,126,120,3,NA,1,2,285369.21
RO-01249,JRO,4,NA,11,10,1,NA,NA,NA,68349.96
RO-01250,NRO,27,NA,89,88,1,NA,NA,NA,48177
RO-01251,JRO,33,1,75,69,4,NA,NA,2,65180.35
RO-01252,NRO,32,NA,73,72,1,NA,NA,NA,48177
RO-01254,CRO,36,NA,50,45,1,NA,4,NA,43639.97
RO-01255,CRO,37,2,49,45,1,NA,3,NA,40227.89
RO-01256,CRO,25,1,47,43,1,NA,3,NA,43552.57
RO-01257,CRO,52,1,48,43,1,NA,4,NA,43660.13
RO-01258,CRO,38,1,45,41,1,NA,3,NA,43310.1
RO-01259,CRO,45,1,49,44,1,NA,4,NA,43342.520000000004
RO-01260,JRO,34,1,60,59,1,NA,NA,NA,102195.69
RO-01261,NRO,35,NA,92,90,2,NA,NA,NA,48175.99
RO-01262,NRO,35,NA,89,85,2,NA,NA,2,55548.99
RO-01263,JRO,76,1,52,49,2,NA,NA,1,119956.52
RO-01264,NRO,78,2,45,43,1,NA,NA,NA,84420.63
RO-01265,CRO,43,1,41,39,2,NA,NA,NA,139214.62
RO-01266,NRO,30,NA,53,52,1,NA,NA,NA,57028.14
RO-01267,NRO,23,NA,39,38,1,NA,NA,NA,57903.3
RO-01268,NRO,30,NA,89,87,2,NA,NA,NA,49187
RO-01269,NRO,29,NA,80,79,1,NA,NA,NA,49389
RO-01270,JRO,46,NA,45,44,1,NA,NA,NA,87719.39
RO-01271,JRO,37,NA,69,66,3,NA,NA,NA,126341.15
RO-01273,NRO,50,1,83,81,1,NA,NA,1,367374.98
RO-01274,NRO,57,NA,36,34,1,NA,NA,NA,82945.09
RO-01275,NRO,30,NA,81,80,1,NA,NA,NA,44743
RO-01276,NRO,32,NA,99,99,NA,NA,NA,NA,989.73
RO-01277,NRO,15,NA,20,17,2,NA,NA,1,28691.82
RO-01278,NRO,12,NA,36,34,2,NA,NA,NA,42521
RO-01280,NRO,36,NA,87,86,1,NA,NA,NA,59041.57
RO-01281,CRO,44,1,37,30,3,NA,1,3,36846.38
RO-01282,NRO,13,NA,41,39,2,NA,NA,NA,41404.95
RO-01283,JRO,33,NA,144,140,3,NA,NA,1,443823.13
RO-01284,NRO,34,NA,96,95,1,NA,NA,NA,375973.16
RO-01285,JRO,37,NA,110,108,2,NA,NA,NA,NA
RO-01289,JRO,10,1,47,41,3,NA,1,2,26499.71
RO-01290,NRO,16,NA,53,52,1,NA,NA,NA,39177.9
RO-01291,NRO,18,1,70,68,1,NA,NA,NA,90038.7
RO-01292,NRO,19,NA,71,70,1,NA,NA,NA,87159.9
RO-01294,NRO,21,1,48,47,1,NA,NA,NA,140427.34
RO-01295,NRO,41,NA,66,65,1,NA,NA,NA,102488.7
RO-01296,NRO,14,NA,44,42,2,NA,NA,NA,40394.95
RO-01297,NRO,15,NA,53,49,2,NA,NA,2,42914.9
RO-01298,NRO,29,1,66,65,1,NA,NA,NA,126019.78
RO-01299,JRO,16,1,68,60,3,NA,2,2,161182.63
RO-01300,NRO,4,NA,24,22,1,NA,1,NA,67033.78
RO-01304,NRO,76,2,43,42,1,NA,NA,NA,95566.89
RO-01305,NRO,57,NA,32,31,1,NA,NA,NA,85106.48
RO-01306,NRO,47,NA,42,41,1,NA,NA,NA,81231
RO-01307,NRO,46,NA,71,68,1,NA,NA,2,92769.61
RO-01308,NRO,8,NA,32,31,1,NA,NA,NA,41713
RO-01309,NRO,38,NA,55,54,1,NA,NA,NA,68159.85
RO-01310,NRO,28,NA,37,37,NA,NA,NA,NA,62739.28
RO-01311,CRO,47,NA,47,43,1,NA,3,NA,45035.18
RO-01312,CRO,29,1,47,43,1,NA,3,NA,42078.09
RO-01313,CRO,40,NA,50,46,1,NA,3,NA,42380.83
RO-01314,JRO,75,NA,53,50,2,NA,NA,NA,144911.6
RO-01315,NRO,31,NA,20,19,1,NA,NA,NA,81101.45
RO-01317,CRO,31,1,45,43,1,NA,1,NA,59825.19
RO-01319,NRO,8,NA,29,28,1,NA,NA,NA,37258.9
RO-01320,NRO,28,NA,97,96,1,NA,NA,NA,105436.74
RO-01321,NRO,27,NA,55,52,1,NA,NA,2,333300
RO-01322,NRO,85,NA,58,57,1,NA,NA,NA,98211.99
RO-01326,NRO,59,NA,34,33,1,NA,NA,NA,97838.93
RO-01328,NRO,46,NA,40,39,1,NA,NA,NA,105731.28
RO-01330,NRO,11,NA,45,44,1,NA,NA,NA,49883.9
RO-01331,NRO,29,NA,84,80,2,NA,NA,2,57570
RO-01333,NRO,42,NA,70,67,1,NA,NA,2,97755.78
RO-01334,NRO,14,NA,47,42,2,NA,NA,3,43318.9
RO-01335,CRO,44,1,50,46,1,NA,3,NA,44672.25
RO-01336,CRO,40,1,48,44,1,NA,3,NA,43921.21
RO-01337,CRO,31,1,48,47,NA,NA,NA,1,44669.3
RO-01338,CRO,29,1,48,44,1,NA,3,NA,42445.12
RO-01341,NRO,30,NA,114,108,3,NA,NA,3,167336.8
RO-01342,CRO,49,1,48,47,1,NA,NA,NA,56526.62
RO-01343,CRO,48,NA,51,46,1,NA,4,NA,44301.59
RO-01347,NRO,39,NA,94,93,1,NA,NA,NA,395467.97
RO-01348,NRO,7,NA,27,26,1,NA,NA,NA,43318.9
RO-01350,NRO,51,NA,79,76,1,NA,NA,2,96093.72
RO-01351,NRO,23,NA,38,38,NA,NA,NA,NA,97548.02
RO-01353,NRO,20,NA,63,59,2,NA,NA,2,59579.9
RO-01354,NRO,37,NA,63,62,1,NA,NA,NA,147311.93
RO-01356,NRO,10,NA,39,35,2,NA,NA,2,39884.9
RO-01357,NRO,19,NA,27,26,1,NA,NA,NA,85496.85
RO-01359,NRO,21,NA,59,57,2,NA,NA,NA,40894.9
RO-01363,NRO,17,NA,28,27,1,NA,NA,NA,38026.5
RO-01365,NRO,15,1,55,54,1,NA,NA,NA,243205.01
RO-01369,NRO,8,NA,35,34,1,NA,NA,NA,39844.5
RO-01370,NRO,14,NA,39,37,2,NA,NA,NA,40581.8
RO-01393,NRO,5,NA,13,12,1,NA,NA,NA,NA
RO-01401,NRO,16,NA,38,35,1,NA,1,1,58183.07
RO-01405,NRO,55,NA,40,39,1,NA,NA,NA,102215.13
RO-01409,NRO,61,NA,48,47,1,NA,NA,NA,96144.16
RO-01414,NRO,53,NA,60,59,1,NA,NA,NA,169361.5
RO-01415,NRO,75,NA,70,69,1,NA,NA,NA,101031.41
RO-01420,NRO,26,NA,54,51,1,NA,1,1,61601.92
RO-01421,JRO,55,NA,61,58,1,NA,NA,2,149475.79
RO-01425,NRO,50,NA,41,40,1,NA,NA,NA,50607.34
RO-01426,NRO,22,NA,69,68,1,NA,NA,NA,105154.71
RO-01428,NRO,40,NA,66,65,1,NA,NA,NA,73582.13
RO-01429,NRO,18,NA,42,39,2,NA,1,NA,60592.43
RO-01430,NRO,19,NA,42,42,NA,NA,NA,NA,60908.05
RO-01434,NRO,56,NA,58,57,1,NA,NA,NA,65256.62
RO-01435,NRO,57,NA,57,56,1,NA,NA,NA,67341.85
RO-01436,JRO,46,NA,70,68,2,NA,NA,NA,133938.55
RO-01437,JRO,35,NA,75,72,3,NA,NA,NA,209241.46000000002
RO-01438,CRO,38,NA,21,19,2,NA,NA,NA,108439.82
RO-01439,NRO,76,NA,76,75,1,NA,NA,NA,173951.04
RO-01441,CRO,41,NA,21,18,1,NA,2,NA,118265.46
RO-01442,NRO,20,NA,34,33,1,NA,NA,NA,58478.5
RO-01443,NRO,53,NA,32,31,1,NA,NA,NA,61392.49
RO-01444,NRO,22,NA,72,71,1,NA,NA,NA,109068.74
RO-01446,NRO,9,NA,44,43,1,NA,NA,NA,54682.75
RO-01448,JRO,35,NA,69,65,2,NA,NA,2,91758.5
RO-01454,JRO,46,NA,46,44,2,NA,NA,NA,155569.25999999998
RO-01456,NRO,20,NA,54,52,2,NA,NA,NA,43430
RO-01457,NRO,36,NA,43,42,1,NA,NA,NA,64241.81
RO-01458,CRO,50,NA,21,18,1,NA,2,NA,133505.03999999998
RO-01460,JRO,47,NA,72,67,5,NA,NA,NA,140316.41
RO-01461,NRO,20,NA,50,49,1,NA,NA,NA,35348.99
RO-01462,NRO,23,NA,47,46,1,NA,NA,NA,75907.56
RO-01463,NRO,3,NA,3,2,1,NA,NA,NA,5959
RO-01464,NRO,5,NA,12,11,1,NA,NA,NA,47470
RO-01465,NRO,20,NA,33,32,1,NA,NA,NA,58478.5
RO-01466,JRO,38,NA,62,60,2,NA,NA,NA,75144.83
RO-01467,NRO,19,NA,51,49,2,NA,NA,NA,44036
RO-01468,NRO,30,NA,92,90,2,NA,NA,NA,49793
RO-01469,NRO,47,NA,47,46,1,NA,NA,NA,52935.24
RO-01470,NRO,25,NA,40,38,1,NA,1,NA,59797.05
RO-01471,NRO,18,NA,40,39,1,NA,NA,NA,74522.85
RO-01472,NRO,18,NA,45,43,2,NA,NA,NA,33833.99
RO-01474,NRO,18,NA,50,48,2,NA,NA,NA,34744
RO-01475,NRO,20,NA,47,45,2,NA,NA,NA,33229
RO-01478,NRO,63,NA,46,45,1,NA,NA,NA,133620.33
RO-01479,JRO,53,NA,89,87,2,NA,NA,NA,220218.13
RO-01480,NRO,39,NA,93,91,2,NA,NA,NA,37875
RO-01481,NRO,5,NA,11,10,1,NA,NA,NA,47167
RO-01482,NRO,4,NA,10,9,1,NA,NA,NA,43041.15
RO-01484,NRO,37,NA,91,88,3,NA,NA,NA,41864.5
RO-01485,NRO,25,NA,41,40,1,NA,NA,NA,59834.93
RO-01486,NRO,21,NA,44,43,1,NA,NA,NA,67916.95
RO-01487,NRO,25,NA,40,39,1,NA,NA,NA,67258.43
RO-01489,NRO,35,NA,96,94,2,NA,NA,NA,45448.99
RO-01490,NRO,37,NA,90,88,2,NA,NA,NA,41399.9
RO-01491,NRO,30,NA,66,65,1,NA,NA,NA,96885.32
RO-01492,CRO,25,NA,35,34,1,NA,NA,NA,50847.92
RO-01493,CRO,24,NA,43,42,1,NA,NA,NA,50761.81
RO-01494,NRO,35,NA,93,91,2,NA,NA,NA,42418.99
RO-01495,NRO,30,NA,89,87,2,NA,NA,NA,43924.9
RO-01496,CRO,48,NA,20,18,1,NA,1,NA,NA
RO-01497,JRO,62,NA,54,48,2,NA,NA,3,NA
RO-01498,NRO,18,NA,69,68,1,NA,NA,NA,NA
RO-01508,NRO,88,NA,75,74,1,NA,NA,NA,110258.01
RO-01509,NRO,43,NA,92,91,1,NA,NA,NA,90619.91
RO-01510,CRO,25,NA,46,42,1,NA,3,NA,NA
RO-01511,NRO,31,NA,86,85,1,NA,NA,NA,NA
RO-01512,CRO,25,NA,47,46,1,NA,NA,NA,NA
RO-01513,CRO,25,NA,50,46,1,NA,3,NA,NA
RO-01514,CRO,24,NA,50,46,1,NA,3,NA,NA
RO-01515,NRO,35,NA,85,83,2,NA,NA,NA,47975
RO-01516,JRO,29,NA,86,81,2,NA,1,2,NA
RO-01517,NRO,15,NA,56,55,1,NA,NA,NA,38683
RO-01518,NRO,23,1,67,66,1,NA,NA,NA,44934.9
RO-01519,NRO,35,NA,90,88,2,NA,NA,NA,45349
RO-01520,NRO,31,NA,93,91,2,NA,NA,NA,41157.5
RO-01521,NRO,34,NA,67,66,1,NA,NA,NA,76774.55
RO-01522,NRO,40,NA,92,89,3,NA,NA,NA,55449
RO-01523,NRO,10,1,56,55,1,NA,NA,NA,NA
RO-01524,CRO,33,NA,49,45,1,NA,3,NA,NA
RO-01525,JRO,18,NA,55,52,3,NA,NA,NA,NA
RO-01526,JRO,34,NA,70,58,11,NA,NA,1,NA
RO-01527,JRO,20,NA,96,94,2,NA,NA,NA,NA
RO-01528,CRO,21,NA,49,45,1,NA,3,NA,NA
RO-01529,NRO,20,NA,67,66,1,NA,NA,NA,NA
RO-01530,CRO,50,NA,21,18,1,NA,2,NA,NA
RO-01532,CRO,17,1,51,47,1,NA,3,NA,NA
RO-01533,NRO,56,NA,51,50,1,NA,NA,NA,NA
RO-01535,CRO,40,NA,21,18,2,NA,1,NA,NA
RO-01536,NRO,31,NA,59,58,1,NA,NA,NA,NA
RO-01537,CRO,26,NA,51,47,1,NA,3,NA,NA
RO-01542,NRO,56,NA,55,54,1,NA,NA,NA,NA
RO-01543,NRO,24,NA,49,48,1,NA,NA,NA,NA
RO-01544,NRO,17,NA,58,54,3,NA,NA,1,35350
RO-01545,NRO,20,NA,52,50,1,NA,NA,1,NA
RO-01546,NRO,34,NA,93,91,2,NA,NA,NA,39390
RO-01547,JRO,32,NA,104,97,6,NA,NA,1,NA
RO-01548,NRO,15,NA,55,54,1,NA,NA,NA,NA
RO-01549,JRO,24,NA,64,62,2,NA,NA,NA,83214.91
RO-01551,NRO,38,NA,87,86,1,NA,NA,NA,41662.5
RO-01552,JRO,35,NA,70,67,2,NA,NA,NA,NA
RO-01553,NRO,40,NA,98,96,2,NA,NA,NA,41814
RO-01555,NRO,39,NA,98,96,2,NA,NA,NA,NA
RO-01556,NRO,9,NA,46,44,1,NA,NA,NA,NA
RO-01557,NRO,39,NA,98,96,2,NA,NA,NA,NA
RO-01558,JRO,40,NA,71,68,2,NA,NA,1,NA
RO-01559,NRO,40,NA,97,NA,97,NA,NA,NA,NA
RO-01560,NRO,39,NA,91,90,1,NA,NA,NA,NA
RO-01561,JRO,7,NA,35,33,2,NA,NA,NA,NA
RO-01562,NRO,39,NA,94,92,1,NA,NA,NA,NA
RO-01563,NRO,51,NA,54,53,1,NA,NA,NA,NA
RO-01564,NRO,40,NA,97,95,2,NA,NA,NA,NA
RO-01565,NRO,37,NA,92,89,3,NA,NA,NA,NA
RO-01566,NRO,5,NA,13,11,1,NA,NA,1,NA
RO-01568,NRO,33,NA,108,106,2,NA,NA,NA,NA
RO-01570,JRO,18,NA,57,54,3,NA,NA,NA,NA
RO-01571,NRO,40,NA,93,91,2,NA,NA,NA,NA
RO-01572,NRO,32,NA,85,83,2,NA,NA,NA,NA
RO-01573,JRO,24,2,76,70,5,NA,NA,1,NA
RO-01574,NRO,64,NA,76,75,1,NA,NA,NA,NA
RO-01575,JRO,22,NA,78,76,2,NA,NA,NA,NA
RO-01576,NRO,38,NA,98,95,3,NA,NA,NA,NA
RO-01577,NRO,22,NA,45,44,1,NA,NA,NA,NA
RO-01578,NRO,36,NA,102,100,2,NA,NA,NA,NA
RO-01580,CRO,33,NA,51,47,1,NA,3,NA,NA
RO-01582,CRO,25,NA,53,47,1,NA,5,NA,NA
RO-01583,NRO,61,NA,90,89,1,NA,NA,NA,NA
RO-01584,NRO,49,NA,67,66,1,NA,NA,NA,NA
RO-01585,CRO,29,NA,21,19,2,NA,NA,NA,NA
RO-01586,NRO,21,NA,67,66,1,NA,NA,NA,NA
RO-01587,CRO,30,1,52,48,1,NA,3,NA,NA
RO-01588,CRO,26,NA,52,48,1,NA,3,NA,NA
RO-01589,CRO,22,NA,52,48,1,NA,3,NA,NA
RO-01590,NRO,31,NA,50,48,1,NA,NA,NA,NA
RO-01591,JRO,43,1,145,139,4,NA,NA,2,NA
RO-01592,JRO,11,NA,28,25,2,NA,NA,1,NA
RO-01593,NRO,40,NA,66,63,1,NA,NA,2,NA
RO-01594,NRO,13,NA,53,52,1,NA,NA,NA,NA
RO-01595,NRO,35,NA,88,87,1,NA,NA,NA,NA
RO-01596,NRO,2,NA,13,12,1,NA,NA,NA,NA
RO-01597,NRO,30,NA,107,106,1,NA,NA,NA,NA
RO-01598,NRO,30,NA,106,105,1,NA,NA,NA,NA
RO-01599,NRO,8,NA,41,38,1,NA,NA,2,NA
RO-01600,NRO,28,NA,38,37,1,NA,NA,NA,NA
RO-01601,NRO,93,NA,127,124,1,NA,NA,2,NA
RO-01602,NRO,29,NA,95,94,1,NA,NA,NA,NA
RO-01603,NRO,25,NA,49,47,1,NA,NA,1,NA
RO-01622,NRO,29,NA,97,95,2,NA,NA,NA,NA
RO-01623,NRO,25,NA,103,102,1,NA,NA,NA,NA
RO-01624,NRO,12,NA,34,33,1,NA,NA,NA,NA
RO-01629,NRO,32,NA,80,77,2,NA,NA,1,NA
RO-01630,NRO,28,NA,81,79,2,NA,NA,NA,NA
RO-01631,NRO,13,NA,70,68,2,NA,NA,NA,NA
RO-01633,NRO,12,NA,50,48,2,NA,NA,NA,NA
RO-01634,NRO,17,NA,58,56,2,NA,NA,NA,NA
NA,NA,2,NA,NA,NA,NA,NA,NA,NA,NA
